id,title,addres,district,lat,lon,geocode_status,geocode_source,geocode_confidence,price,area,rooms,floor,total_floors,source_url,image_url,description,deal_type,building_type,metro_station,metro_time_minutes,created_at
0,"1-комн. квартира, 38 м²","Москва, СВАО, Долгопрудная аллея, 14к4",Северный,55.942344,37.527231,geocoded,nominatim,0.55,12 700 000 ₽,38 м²,1,5,14,https://www.cian.ru/sale/flat/328104218/?context=3.c9VsLSXZe04.61a9K91RB5lYqFstJM6iFqYd-R1KVC546glenGyFYVsUEpE0UlqgbXn7nr18NsO_2vs71zLYfnQTXw&mlSearchSessionGuid=f2e261b96c417bb836bb72a023aa85c4,https://images.cdn-cian.ru/images/2835935532-1.jpg,Светлая квартира с ремонтом. Рядом метро Физтех.,Продажа,Монолитный,Физтех,7,2026-04-02
1,"2-комн. квартира, 55 м²","Москва, ЗАО, ул. Лобачевского, 112",Очаково-Матвеевское,55.689959,37.472977,geocoded,nominatim,0.55,21 500 000 ₽,55 м²,2,8,17,https://www.cian.ru/sale/flat/326992294/?context=3.uiNjYszw1w8.Ar4QLzgdXuTaDqXika3RXsDGrh7VZGpNgBehF5HGgbI0bUqzA7c72Dczq9pK8Fe4aRE9OUOvaL9Jvw&mlSearchSessionGuid=7807db0d2cd0684bf803074908ef906b,https://images.cdn-cian.ru/images/2808395418-1.jpg,"Просторная двушка, изолированные комнаты. Вид на парк.",Продажа,Кирпичный,Проспект Вернадского,10,2026-04-02
2,"3-комн. квартира, 82 м²","Москва, ЦАО, ул. Покровка, 24",Басманный,55.759613,37.648573,geocoded,nominatim,0.55,45 000 000 ₽,82 м²,3,3,5,https://www.cian.ru/sale/flat/323611152/?context=3.19Jx4w-bWZ8.EGkEbaylhvPotDXoWal3R0cDKgJ55Sh0F7cHqQeVKVDvYPXr10Ox_kjOype7YhfnQ4i7uBWIZwlGzA&mlSearchSessionGuid=e5d3baed04e94ef1e33266d089d8562e,https://images.cdn-cian.ru/images/kvartira-moskva-ulica-pokrovka-2838695500-1.jpg,"Сталинский дом, высокие потолки. Исторический центр.",Продажа,Кирпичный,Китай-город,5,2026-04-01
3,"4-комн. квартира, 110 м²","Москва, СЗАО, Хорошевское ш., 12к1",Хорошевский,55.774922,37.550929,geocoded,nominatim,0.55,65 000 000 ₽,110 м²,4,15,22,https://www.cian.ru/sale/flat/325131165/?context=3.TBtyVuQo-8Q.nXF-umFfIAQqSk9eZ6kYmZ4CSwHD58w9BCtZuvijhXvUzp99T90VS7xiP9x1ZywljBMn7bETOaOIZA&mlSearchSessionGuid=3f05c293f946441fb7d83290221ec685,https://images.cdn-cian.ru/images/kvartira-moskva-horoshevskoe-shosse-2740349174-1.jpg,"Премиум ЖК, панорамное остекление. 2 санузла.",Продажа,Монолитный,ЦСКА,8,2026-04-02
4,"1-комн. квартира, 33 м²","Москва, ЮВАО, ул. Маршала Чуйкова, 18",Кузьминки,55.700147,37.761956,geocoded,nominatim,0.55,9 800 000 ₽,33 м²,1,4,9,https://www.cian.ru/sale/flat/327712739/?context=3.Xh9hsBExwrE.WuQF5nAMIhkXGt35OCgHntKHZh7w9XzE0QtpcS6hG5VQ3XJSJHrfKl7mXCudjCUQ2XTTnptE2rhNqA&mlSearchSessionGuid=27f9655128acdcb3a542583e419dc890,https://images.cdn-cian.ru/images/kvartira-moskva-ulica-marshala-chuykova-2826912514-1.jpg,"Типовая планировка, чистый подъезд. Рядом парк.",Продажа,Панельный,Кузьминки,5,2026-04-02
5,"2-комн. квартира, 48 м²","Москва, ВАО, Измайловский б-р, 56",Измайлово,55.796404,37.810886,geocoded,nominatim,0.55,14 200 000 ₽,48 м²,2,2,5,https://www.cian.ru/sale/flat/328311845/?context=3.cPeHQh4jMiY.FyhYBbvi5_8MFa-uhpqFeKA03Jzqz-2sdsuP542-rAVE8vJ8-i2QzvEp49QWk-iVSNyx1dTTqwc1hw&mlSearchSessionGuid=d3efefb780cba384abf739315db9ea90,https://images.cdn-cian.ru/images/2842211153-1.jpg,"Распашонка, тихий двор. Требует косметики.",Продажа,Кирпичный,Партизанская,7,2026-04-01
6,"Студия, 28 м²","Москва, ТиНАО, г. Московский, Радужная ул., 6",Московский,55.592818,37.368345,geocoded,nominatim,0.55,7 500 000 ₽,28 м²,1,10,25,https://www.cian.ru/sale/flat/326481056/?context=3.a063MnVdbOU.rFN9VcB4q6DNXx_kZIyA9PbTor2EeT_wpHmpk5Z8Vgg1JeKO-ulThc9yKMSGyBP1Hth1EeWRRZvNpA&mlSearchSessionGuid=e3c4ed16959b2ddbfa899a5bcd9e1363,https://images.cdn-cian.ru/images/2800263069-1.jpg,"Европланировка, кухня-ниша. Новый район.",Продажа,Монолитный,Саларьево,15,2026-04-02
7,"3-комн. квартира, 75 м²","Москва, ЮЗАО, Ленинский пр-т, 111",Коньково,55.661604,37.509378,geocoded,nominatim,0.55,24 000 000 ₽,75 м²,3,6,12,https://www.cian.ru/sale/flat/327030637/?context=3.zmgLb9_H3N0.8IoZjQWfmxo0tSV5UBv4cmyqGtxlZ3jHBWmokUG887pKfM-tfybRlSEBw2wMuVQhqykaZXrtrO5_pQ&mlSearchSessionGuid=1967b2bb3dda72a8965c11f41f046af6,https://images.cdn-cian.ru/images/2809441549-1.jpg,"Изолированные комнаты, большая кухня.",Продажа,Панельный,Беляево,10,2026-04-01
8,"1-комн. квартира, 42 м²","Москва, САО, Ленинградский пр-т, 35",Аэропорт,55.790316,37.553399,geocoded,nominatim,0.55,19 500 000 ₽,42 м²,1,10,16,https://www.cian.ru/sale/flat/328020980/?context=3.F9YChfTjg5Q.8Ms2mCUxZZZUVPQcDA6eSTTvmQ4tgGQrVFvUcis9Npyz1TBSNqYhb3cpLGDvajIssP8Roy0D4S-Dww&mlSearchSessionGuid=eb37420cedb80dc16cb91aa861b4b859,https://images.cdn-cian.ru/images/kvartira-moskva-leningradskiy-prospekt-2833881555-1.jpg,"ЖК бизнес-класса, консьерж, охрана.",Продажа,Монолитный,Динамо,12,2026-04-02
9,"2-комн. квартира, 60 м²","Москва, ЮАО, Варшавское ш., 141",Чертаново Центральное,55.588827,37.604246,geocoded,nominatim,0.55,16 500 000 ₽,60 м²,2,9,14,https://www.cian.ru/sale/flat/326603390/?context=3.5gnz8FDhrpM.XavTqA1nX8Fz4zSl_HkpPm0d0Q5xSZapLuLyTSmrvFjVmdf786wcccAR3e34cH_eDn1IVbv1DoIvRQ&mlSearchSessionGuid=d96e3644e9c3678818006ab0b7fb20fb,https://images.cdn-cian.ru/images/2797238988-1.jpg,"Современный ремонт, встроенная техника.",Продажа,Монолитный,Чертановская,8,2026-04-02
10,"4-комн. квартира, 130 м²","Москва, ЗАО, Кутузовский пр-т, 12",Дорогомилово,55.748889,37.557152,geocoded,nominatim,0.55,85 000 000 ₽,130 м²,4,8,12,https://www.cian.ru/sale/flat/322461382/?context=3.dDWQJzTlK-Y.cjL5TJze-i_6NAINIXxAmBJjKLE4KdRsEeUVBiJ4U5Oyy9HEGAXJ6YEvHn-zglx0DNZoPGvjGeCajw&mlSearchSessionGuid=3cffa1794306030d39567e4742f86467,https://images.cdn-cian.ru/images/kvartira-moskva-kutuzovskiy-prospekt-2651244611-1.jpg,"Вид на реку, авторский дизайн, паркинг.",Продажа,Кирпичный,Кутузовская,5,2026-04-01
11,"1-комн. квартира, 36 м²","Москва, СВАО, Алтуфьевское ш., 79",Лианозово,55.881253,37.585292,geocoded,nominatim,0.55,10 200 000 ₽,36 м²,1,6,17,https://www.cian.ru/sale/flat/325131566/?context=3.x4kne_ej9-w._wwq2q2glo1yR8F-d3rGpupLFCyyxIsUI5Izw6Xyv8cietSEPefaqSxij9Ek4Mz2mnrqrJfM7tEsVw,https://images.cdn-cian.ru/images/kvartira-moskva-ulica-panfilova-2827976173-1.jpg,"Окна во двор, развитая инфраструктура.",Продажа,Панельный,Алтуфьево,10,2026-04-02
12,"2-комн. квартира, 52 м²","Москва, Зеленоград, корп. 1025",Зеленоград,55.799229,37.501932,geocoded,cian-page,0.93,8 900 000 ₽,52 м²,2,3,9,https://www.cian.ru/sale/flat/326319139/?context=3.PIT4xx288rs.mIDTrtMxDxnuF-yrsxg5wJFc1uqACowd6aDs2_N07liOUDPB251gJ1fL7Fo8Pk25lNIoRCx3KxrIng,https://images.cdn-cian.ru/images/kvartira-moskva-ulica-alabyana-2788350225-1.jpg,"Тихий район, рядом лес. Чистая продажа.",Продажа,Панельный,Крюково,5,2026-04-01
13,"3-комн. квартира, 90 м²","Москва, СЗАО, ул. Маршала Катукова, 22",Строгино,55.804438,37.411675,geocoded,nominatim,0.55,28 000 000 ₽,90 м²,3,12,18,https://www.cian.ru/sale/flat/326896082/?context=3.bUA75CutsdE.LO0JS6iHR5t6YbVqP4HltKC2fQXVnbSxCLaY2MikpMZtZpMpCfePNQ0qhFftZhK5y38puS_sfT71eA&mlSearchSessionGuid=ec4bcdc14f31b53ea05a9044da54b1ec,https://images.cdn-cian.ru/images/2805165405-1.jpg,"Просторная евро-трешка, два балкона.",Продажа,Монолитный,Строгино,7,2026-04-02
14,"1-комн. квартира, 30 м²","Москва, ЮВАО, Волгоградский пр-т, 88",Текстильщики,55.704424,37.769278,geocoded,nominatim,0.55,9 100 000 ₽,30 м²,1,2,5,https://www.cian.ru/sale/flat/328539247/?context=3.TFCGwWRxZDs.cDGsKrY6yM0DAeJ_Ymkmjp50OQXLuJaJoa5IyA5WjwNiAY-WVUfR7qv_2oFgKAlZjckdHZjOTWZmLw&mlSearchSessionGuid=037fd12d6bd1f64673cd2a117f83366b,https://images.cdn-cian.ru/images/2847074763-1.jpg,Хрущевка под ремонт. Низкий этаж.,Продажа,Кирпичный,Текстильщики,4,2026-04-02
15,"2-комн. квартира, 58 м²","Москва, САО, Дмитровское ш., 169",Западное Дегунино,55.929230,37.540405,geocoded,nominatim,0.55,13 800 000 ₽,58 м²,2,14,25,https://www.cian.ru/sale/flat/326162798/?context=3.dGbTNUKgnXU.JNJSglRRlQ77Sp3ycKOtar7K9EktdGex-zj3dkxuPyrpfO_lsqRL82hvDFJ_RZ2Db1NpdbbAnYGWeQ&mlSearchSessionGuid=259cda069bdb7231e77bb7b2942dc555,https://images.cdn-cian.ru/images/kvartira-moskva-dmitrovskoe-shosse-2793207822-1.jpg,"Новостройка, отделка white box.",Продажа,Монолитный,Лианозово,15,2026-04-01
16,"3-комн. квартира, 70 м²","Москва, ВАО, Щелковское ш., 100",Гольяново,55.812008,37.833930,geocoded,nominatim,0.55,15 500 000 ₽,70 м²,3,5,9,https://www.cian.ru/sale/flat/328385170/?context=3.MVoWho70zIA.TZkzC91aYX1EfcDuWs2nqp7CDmZXJbQAPvggrhton6i3w0odrlTTZr9s0DgxG44JWwsb9qGu86euXA&mlSearchSessionGuid=550947ef9c7be548c2f59ab3bfa09d53,https://images.cdn-cian.ru/images/kvartira-moskva-shcelkovskoe-shosse-2844081619-1.jpg,Смежно-изолированные комнаты.,Продажа,Панельный,Щелковская,12,2026-04-02
17,"4-комн. квартира, 105 м²","Москва, ЮЗАО, ул. Обручева, 30",Черемушки,55.656183,37.528591,geocoded,nominatim,0.55,38 000 000 ₽,105 м²,4,10,16,https://www.cian.ru/sale/flat/324110962/?context=3.jvWkMcvpMSM.8r_FOTeD_esQ1CFkEshRFFfDRDMrHDwXSI-2acbUH90_2dEl9-FAnJ-FPNHokmHOC804SeBrGZCZVQ&mlSearchSessionGuid=6d8c8e3e485162ed4b27ff704a99448f,https://images.cdn-cian.ru/images/dolya-v-kvartire-moskva-ulica-obrucheva-2706347234-1.jpg,"Большая семья, все комнаты изолированы.",Продажа,Кирпичный,Калужская,10,2026-04-01
18,"1-комн. квартира, 40 м²","Москва, ЗАО, ул. Нежинская, 13",Очаково-Матвеевское,55.707202,37.472286,geocoded,nominatim,0.55,18 000 000 ₽,40 м²,1,15,25,https://www.cian.ru/sale/flat/328055468/?context=3.YW87h-aMduc.Frjsm03LEtP6pJdKypD7Hybcf9qo4oJb8qE7RzXOQ-I9DY1WC0wQtJqw_1UNOz9JwD_MhREmYfxnJQ&mlSearchSessionGuid=d69fc48b7d2ad04ababef0b205ebd94f,https://images.cdn-cian.ru/images/kvartira-moskva-nezhinskaya-ulica-2834878556-1.jpg,"ЖК Бизнес-класса, видовой этаж.",Продажа,Монолитный,Мичуринский проспект,12,2026-04-02
19,"2-комн. квартира, 50 м²","Москва, ЮАО, ул. Кировоградская, 23к2",Чертаново Южное,55.631986,37.613429,geocoded,nominatim,0.55,12 900 000 ₽,50 м²,2,7,9,https://www.cian.ru/sale/flat/327692077/?context=3.A_F30TjM5BI.rzKLK-iu99ygKEYHuedjRXdXQi91U4nHBfgXhmVIe4zsIFWxhuOexLZ1an12CnAB1e44I9jfQ2i8JA&mlSearchSessionGuid=3a407694de3c827daf0250ee038de1a7,https://images.cdn-cian.ru/images/2826482432-1.jpg,"Рядом ТЦ Прага, метро в шаговой доступности.",Продажа,Панельный,Улица Академика Янгеля,6,2026-04-02
20,"1-комн. квартира, 35 м²","Москва, СВАО, Ярославское ш., 124",Свиблово,55.870755,37.713369,geocoded,nominatim,0.55,13 200 000 ₽,35 м²,1,8,12,https://www.cian.ru/sale/flat/328358238/?context=3.55xtiEFuxYY.AfLCLSeyDxcYEKMAN2px1vPXZ_wLxjhg5BJLtZlZCPTF3xP40DbhC-g5GEBS_xoYxODR9cIUZR1LuQ&mlSearchSessionGuid=a544200bd033c07e8430ec9e4131138a,https://images.cdn-cian.ru/images/2843451635-1.jpg,"Тихий зеленый район, Ботанический сад рядом.",Продажа,Кирпичный,Свиблово,8,2026-04-01
21,"3-комн. квартира, 85 м²","Москва, САО, Ленинградское ш., 25",Войковский,55.827885,37.489424,geocoded,nominatim,0.55,32 000 000 ₽,85 м²,3,6,8,https://www.cian.ru/sale/flat/328464832/?context=3.-Acx9ATm_PM.oKaIS1-UCGJWM6zb6QJJY-gmA6VRkRWcedSH05XRRHklrIsJnQ7FaDrW_0dBuZWJpCABvympVsVzCw&mlSearchSessionGuid=8166da41ed3430f1e869cf985c57bd5e,https://images.cdn-cian.ru/images/2845679758-1.jpg,"Сталинский дом, толстые стены, высокий потолок.",Продажа,Кирпичный,Войковская,7,2026-04-02
22,"2-комн. квартира, 54 м²","Москва, ВАО, Измайловское ш., 71",Соколиная Гора,55.790513,37.746453,geocoded,nominatim,0.55,15 800 000 ₽,54 м²,2,10,16,https://www.cian.ru/sale/flat/328481759/?context=3.Ami-pKXdBTA.L9RiBEJg2Gk_13PE8f8DTOqDH9LlUqp5XJ7goP2Oa2Afn-UeXqW7wZHEqqt_t6-NlwRz93QyBZMrKA,https://images.cdn-cian.ru/images/2845971462-1.jpg,"Современный дом, подземный паркинг.",Продажа,Монолитный,Шоссе Энтузиастов,15,2026-04-01
23,"1-комн. квартира, 32 м²","Москва, ЮЗАО, ул. Вавилова, 15",Гагаринский,55.702562,37.581303,geocoded,nominatim,0.55,14 500 000 ₽,32 м²,1,4,5,https://www.cian.ru/sale/flat/327577442/?context=3.4GoyaojAcfc.gnpMjaPwV7X4K_polryxJa3EPWaoAz-iFN82_Hylke-NxGwMn5a6gU6yWt3HTJA7xn06gUxuCzXQ1A&mlSearchSessionGuid=0c924fdde3ba4f568285ac71b52f4ad5,https://images.cdn-cian.ru/images/2823616083-1.jpg,"Центр науки, интеллигентные соседи.",Продажа,Кирпичный,Ленинский проспект,10,2026-04-02
24,"4-комн. квартира, 120 м²","Москва, СЗАО, Мякининская наб., 6",Строгино,55.722036,37.647419,geocoded,cian-page,0.93,55 000 000 ₽,120 м²,4,18,25,https://www.cian.ru/sale/flat/323517098/?context=3.BxrTYAjlQoU.9S-GLZfXrcqsQmRWV1Ae5qXgUUumep5s47GFsTQjo0UmSY38OlMEKuE1h2qmL3SO42PXvlOBoSNIpA&mlSearchSessionGuid=43b4b481867339c85aa246fa0132528f,https://images.cdn-cian.ru/images/2686977377-1.jpg,"Первая линия воды, премиум ремонт.",Продажа,Монолитный,Мякинино,5,2026-04-02
25,"2-комн. квартира, 46 м²","Москва, ЮВАО, ул. Перерва, 52",Марьино,55.656100,37.744354,geocoded,nominatim,0.55,11 500 000 ₽,46 м²,2,3,9,https://www.cian.ru/sale/flat/328377036/?context=3.EyQpqEaZib0.t6NuN0s12KteRceGDDlLbUZ-pQ5bc1niHjXQXbocMlzREOW8zntewVy_oWAFJRwbqObqBNGd8f90CQ&mlSearchSessionGuid=8b2db3f886d4b3fdee54266bdd02364f,https://images.cdn-cian.ru/images/2843872341-1.jpg,"Спальный район, много школ и садов.",Продажа,Панельный,Марьино,7,2026-04-01
26,"1-комн. квартира, 39 м²","Москва, САО, ул. 800-летия Москвы, 14",Северный,55.877987,37.548628,geocoded,nominatim,0.55,11 800 000 ₽,39 м²,1,12,17,https://www.cian.ru/sale/flat/327232402/?context=3.1lXA-FzllRs.097FOXxzOWo5A7jXA0ozsOSlfikBeHyqdyCIsQbtc_N7IDyXUgbPqYsOSxlL-hT7XxfND9vV9KdfIg&mlSearchSessionGuid=0a4c3266862850a0be2780efcd204a40,https://images.cdn-cian.ru/images/kvartira-moskva-ulica-800letiya-moskvy-2815281948-1.jpg,"Новый район, свежий ремонт от застройщика.",Продажа,Монолитный,Селигерская,10,2026-04-02
27,"3-комн. квартира, 78 м²","Москва, ЗАО, ул. Раменки, 23",Раменки,55.689865,37.493001,geocoded,nominatim,0.55,29 000 000 ₽,78 м²,3,5,9,https://www.cian.ru/sale/flat/324014021/?context=3.21qI0qg3JOw.y5Sssi7uVOf3qSqyVUestIRzEjRCygj5b1XUTmRG6azvZSSK3q99pniJuYHkQWHOw-cyym3JV4bqfA&mlSearchSessionGuid=f9efb3ef9d5f0ce92c98de4a6971470f,https://images.cdn-cian.ru/images/kvartira-moskva-ulica-ramenki-2703503712-1.jpg,"Элитный район, малоэтажный дом.",Продажа,Кирпичный,Раменки,8,2026-04-01
28,"1-комн. квартира, 34 м²","Москва, ВАО, ул. Богородский Вал, 8",Богородское,55.802498,37.707030,geocoded,nominatim,0.55,10 900 000 ₽,34 м²,1,6,9,https://www.cian.ru/sale/flat/321358718/?context=3.sLKymC0RAYE.bgwL4-WupCX-bFjumROGqJMy5Kjj9e79WLbvVfr53CuZ--Ktctxwp8fjfnwoBBWuB1ogZ9vImV31CQ&mlSearchSessionGuid=dc2aa5e9a0033cdf3a088b93cd92d961,https://images.cdn-cian.ru/images/2613193939-1.jpg,"Рядом парк Сокольники, тихо.",Продажа,Кирпичный,Бульвар Рокоссовского,12,2026-04-02
29,"2-комн. квартира, 62 м²","Москва, ЮАО, Нахимовский пр-т, 42",Нагорный,55.677946,37.564273,geocoded,nominatim,0.55,19 000 000 ₽,62 м²,2,11,17,https://www.cian.ru/sale/flat/328106896/?context=3.wwWczb554E0.bJuS7zAq2P5TEQ4SUaCfYhlDVmuM7Je99yDk4sOMWfoJjRv42SXBd2vqu91aE8kuvg93WC242Tgmpg&mlSearchSessionGuid=d9d29b4492263aa37ff873dbb7bfb233,https://images.cdn-cian.ru/images/kvartira-moskva-nahimovskiy-prospekt-2835979604-1.jpg,"Евродвушка, просторная кухня-гостиная.",Продажа,Монолитный,Нагорная,10,2026-04-02
30,"1-комн. квартира, 37 м²","Москва, СВАО, ул. Енисейская, 17",Бабушкинский,55.867606,37.661372,geocoded,nominatim,0.55,14 000 000 ₽,37 м²,1,9,12,https://www.cian.ru/sale/flat/327681965/?context=3.wIjSOPxWVno.vIn1MCdh4NIZdT9LbM6x7peMLsWxly8L52zMJ1UzuskLkjZGwtUaqYoiIKXBXCfExzwUYQqQfQ8oEA&mlSearchSessionGuid=03bef04e963260b11cc48ced8237b100,https://images.cdn-cian.ru/images/2826254664-1.jpg,"Хорошее состояние, заезжай и живи.",Продажа,Панельный,Бабушкинская,6,2026-04-01
31,"3-комн. квартира, 95 м²","Москва, ЦАО, Садовническая наб., 63",Замоскворечье,55.739782,37.639273,geocoded,nominatim,0.55,52 000 000 ₽,95 м²,3,7,9,https://www.cian.ru/sale/flat/326879513/?context=3.udAqfEUTyn8.JuK6Kia8F_Z-VsuafxsAj9RK710C8ZCwDznKGN3ZPHJxda_c6B3fjQ60nBYa5Gej_z7O2gFpY8H76A,https://images.cdn-cian.ru/images/kvartira-moskva-ulica-ramenki-2804533786-1.jpg,"Вид на Кремль, историческое здание.",Продажа,Кирпичный,Новокузнецкая,5,2026-04-02
32,"2-комн. квартира, 51 м²","Москва, ЮЗАО, ул. Гарибальди, 15",Черемушки,55.675177,37.545865,geocoded,nominatim,0.55,17 500 000 ₽,51 м²,2,4,9,https://www.cian.ru/sale/flat/328356120/?context=3.f99OeL4_IfM.bthXl81EdWkhp7Bh06EjKhY7L8IUP0dTKFGkW2gCImG5lpKDpwiTneTAnF_0c0meLpNYIbXrmH_biw&mlSearchSessionGuid=96b29f66334655ff02dac6ebb47d2641,https://images.cdn-cian.ru/images/kvartira-moskva-ulica-garibaldi-2843387348-1.jpg,Рядня метро Новые Черемушки.,Продажа,Панельный,Новые Черемушки,5,2026-04-01
33,"1-комн. квартира, 41 м²","Москва, СЗАО, ул. Твардовского, 10",Строгино,55.793303,37.394766,geocoded,nominatim,0.55,15 200 000 ₽,41 м²,1,14,18,https://www.cian.ru/sale/flat/327517551/?context=3.Dkx4ZMcH5Ik.nBZGPozUoHVol_dd-DWebtIN3w80Yb3vp9TGgM2Y4Wi1NWGvhk9qItd6NVF2B_a9NXFKcdseyZDTVA&mlSearchSessionGuid=1fe8c82d60e3974b8ada9a79ed4945b5,https://images.cdn-cian.ru/images/kvartira-moskva-ulica-tvardovskogo-2822359626-1.jpg,"Большой балкон, вид на лес.",Продажа,Монолитный,Строгино,12,2026-04-02
34,"4-комн. квартира, 115 м²","Москва, ВАО, Измайловское ш., 81",Измайлово,55.787822,37.747478,geocoded,nominatim,0.55,35 000 000 ₽,115 м²,4,10,14,https://balashikha.cian.ru/sale/flat/319509443/?context=3.kD6-Pq13L3U._3hzAX8_sDHlQOnSp8BVkyq_NUUC08N7vhB0G9cl79qNc_PqEk-iZ2MhArkaBVZaHhpDyNgLZ6aN-w&mlSearchSessionGuid=c8904946cc71f71493a511188771c725,https://images.cdn-cian.ru/images/kvartira-balashiha-reutovskaya-ulica-2553582523-1.jpg,"Семейная квартира, два санузла.",Продажа,Кирпичный,Измайловская,10,2026-04-01
35,"1-комн. квартира, 29 м²","Москва, ЮВАО, ул. Совхозная, 20",Люблино,55.680699,37.764524,geocoded,nominatim,0.55,8 500 000 ₽,29 м²,1,2,5,https://www.cian.ru/sale/flat/328469300/?context=3.0AMLt4NrIlk.zmJqeRMWkJ9v4kLbUnOaQF_uD214OoWdEcEe5CHNJZtt4hVXm3BNg8TQC17bdNFBDPimGkUYT2othQ,https://images.cdn-cian.ru/images/2845791782-1.jpg,"Малосемейка, низкая цена входа.",Продажа,Кирпичный,Люблино,8,2026-04-02
36,"2-комн. квартира, 56 м²","Москва, САО, Керамический пр., 55",Головинский,55.877641,37.562861,geocoded,nominatim,0.55,16 000 000 ₽,56 м²,2,8,12,https://www.cian.ru/sale/flat/286346585/?context=3.Y34eDmpvI-g.hlL_ohsMvgIzMJ-o_Ywc9CwR5ObH1crh1T7zNMT6odwxeygMA7siHSvOoFdavxGKm5OSC2R-5CuJyQ&mlSearchSessionGuid=64f6e8f60d80ecabf189edf4faef3118,https://images.cdn-cian.ru/images/2574417878-1.jpg,Рядня Химкинское водохранилище.,Продажа,Панельный,Водный стадион,12,2026-04-01
37,"3-комн. квартира, 80 м²","Москва, ЮАО, ул. Днепропетровская, 4",Бирюлево Восточное,55.620196,37.602751,geocoded,nominatim,0.55,13 500 000 ₽,80 м²,3,5,9,https://www.cian.ru/sale/flat/326753760/?context=3.HNmKhXs6oe0.DrOjFMGeDdq2uzlVhJ552yvdHi1unmvBOiL61aGwviqsXMiOQ3gkjP7Lb4GXimEJiEQlaSIbSnvAlg&mlSearchSessionGuid=a7b8c1e68d4b9ce888bd9d8ab86de410,https://images.cdn-cian.ru/images/2821722907-1.jpg,"Просторная для большой семьи, недорого.",Продажа,Панельный,Бирюлево Товарная,10,2026-04-02
38,"1-комн. квартира, 43 м²","Москва, ЗАО, Минская ул., 1Г",Раменки,55.713010,37.500769,geocoded,nominatim,0.55,22 000 000 ₽,43 м²,1,20,30,https://www.cian.ru/sale/flat/328488345/?context=3.72JxdNWkvqo.Q3HO_zhFnDburJ5azQGX54XIiWL9iAiBOacg73q8sXyhTjHlchK3pBGkiysxLdalu_i8qTV9KICs7A&mlSearchSessionGuid=db09754ac03d4dbfbb54c66d4e2b0ad3,https://images.cdn-cian.ru/images/kvartira-moskva-minskaya-ulica-2846093478-1.jpg,"ЖК Воробьевы горы, видовой этаж.",Продажа,Монолитный,Ломоносовский проспект,15,2026-04-02
39,"2-комн. квартира, 53 м²","Москва, СВАО, ул. Менжинского, 32",Ярославский,55.869612,37.666779,geocoded,nominatim,0.55,15 500 000 ₽,53 м²,2,7,12,https://www.cian.ru/sale/flat/326228107/?context=3.wtoS4h1Gaeg.0bfcgk59BvwSUDez8RzYc9Gbqto1aDJBhpNYMQdwwOfYjLGMkThLslWEpc0AEWp2RoUeBgO0M24e-A,https://images.cdn-cian.ru/images/2785587943-1.jpg,"Тихий двор, детская площадка.",Продажа,Кирпичный,Бабушкинская,10,2026-04-01
40,"1-комн. квартира, 36 м²","Москва, ЮЗАО, ул. Академика Волгина, 12",Коньково,55.643509,37.504401,geocoded,nominatim,0.55,12 800 000 ₽,36 м²,1,6,9,https://www.cian.ru/sale/flat/324502937/?context=3.jV37p04gyew.rwrqpoiChIw3s6nOnLwzY9Bv1D64_sWdqanq3Y-xysZKyXMyfwEnLqb_pxHwurjrL3UvwBWsSFAhvg&mlSearchSessionGuid=899fb3d7991ff42401bf24e662f0fdcf,https://images.cdn-cian.ru/images/kvartira-moskva-ulica-akademika-volgina-2797677642-1.jpg,"Стандартный ремонт, чистая продажа.",Продажа,Панельный,Беляево,8,2026-04-02
41,"3-комн. квартира, 88 м²","Москва, СЗАО, ул. Исаковского, 30",Щукино,55.814115,37.408565,geocoded,nominatim,0.55,31 000 000 ₽,88 м²,3,10,16,https://www.cian.ru/sale/flat/327767789/?context=3.ylV69ER7IFM.RiuDRSTNic7FcPZ6kAU4CDdf7N4MPe7Li7UPhXYdxamCdgBCmC0Bnflx-o6vfm1mM_noy98uWB0b8g&mlSearchSessionGuid=8b40ca7a4ad5120921b12730b888fd63,https://images.cdn-cian.ru/images/2828169510-1.jpg,"Евро-формат, кухня 20 кв.м.",Продажа,Монолитный,Щукинская,7,2026-04-01
42,"2-комн. квартира, 49 м²","Москва, ВАО, ул. Первомайская, 42",Измайлово,55.790913,37.806297,geocoded,nominatim,0.55,13 900 000 ₽,49 м²,2,3,5,https://www.cian.ru/cat.php?currency=2&deal_type=sale&engine_version=2&maxprice=14000000&maxtarea=38&offer_type=flat&region=1&room1=1&street%5B0%5D=813&source=search_string,https://images.cdn-cian.ru/images/kvartira-moskva-ulica-akademika-volgina-2797677640-1.jpg,"Сталинка, высокие потолки.",Продажа,Кирпичный,Первомайская,5,2026-04-02
43,"1-комн. квартира, 38 м²","Москва, ЮАО, ул. Красного Маяка, 10",Чертаново Центральное,55.612898,37.593050,geocoded,nominatim,0.55,11 200 000 ₽,38 м²,1,9,14,https://www.cian.ru/sale/flat/328537071/?context=3.iVSP45UuOik.AZeZTZ58S7WdQi1y3_reI1KRl4erjuvPA212q9LP7BDLfVgkNoxUtcuMgfsYuNrw9tP6v6OG0FGNZA&mlSearchSessionGuid=6ff1d5d960fdcc2828770d1c13f9858e,https://images.cdn-cian.ru/images/2847035945-1.jpg,"Развитый район, много магазинов.",Продажа,Панельный,Чертановская,6,2026-04-01
44,"4-комн. квартира, 140 м²","Москва, ЦАО, ул. Остоженка, 11",Хамовники,55.741746,37.599758,geocoded,nominatim,0.55,120 000 000 ₽,140 м²,4,4,6,https://www.cian.ru/sale/flat/328467458/?context=3.9LAnKHbO__Y.eEavVixduLb94K_IySzbqbdozu3TPjnXfxRyp0BYPkC4OOxg6ZRgH_1HmrigWhcij8UKV7VIP5enZQ&mlSearchSessionGuid=f7dad21855fa4169479945860be5cc46,https://images.cdn-cian.ru/images/2845759839-1.jpg,"Золотая миля, элитный клубный дом.",Продажа,Кирпичный,Кропоткинская,5,2026-04-02
45,"1-комн. квартира, 33 м²","Москва, СВАО, ул. Широкая, 12",Медведково Северное,55.886711,37.659437,geocoded,nominatim,0.55,10 500 000 ₽,33 м²,1,5,9,https://www.cian.ru/sale/flat/328481787/?context=3.soxvTz2tZxE.zRyOv-Qn7STDN1XOayvoiteKscePVl69yeq4HD_jC9gXORliNTrzybD2PNF66GzxUtR6zVgzHN2x9A,https://images.cdn-cian.ru/images/2845971687-1.jpg,Рядня Ботанический сад МГУ.,Продажа,Панельный,Медведково,10,2026-04-02
46,"2-комн. квартира, 57 м²","Москва, ЗАО, ул. Покрышкина, 4",Очаково-Матвеевское,55.665095,37.481492,geocoded,nominatim,0.55,19 500 000 ₽,57 м²,2,8,12,https://www.cian.ru/sale/flat/328497194/?context=3.6fLJRrMWZNk.gaoqmB_w-pNJgkGSCaAZI8eWZuYNtSWORjkr0PGPjizD8zfTsePCX2olcBexI374key3NglZ6dxy5A,https://images.cdn-cian.ru/images/kvartira-moskva-komsomolskiy-prospekt-2846236029-1.jpg,Рядня парк 50-летия Октября.,Продажа,Кирпичный,Юго-Западная,12,2026-04-01
47,"1-комн. квартира, 40 м²","Москва, САО, ул. Адмирала Макарова, 10",Войковский,55.837460,37.489255,geocoded,nominatim,0.55,17 000 000 ₽,40 м²,1,15,20,https://www.cian.ru/sale/flat/327983711/?context=3.WW-roVNGS2k.r9xt_Nztr2hp0431GE92lztlQjDFfbaSoveJqxZimCcoLCunJjoD3hERl9JZfPCJM5A91aED9-te0A&mlSearchSessionGuid=a751aef88676f34ee9397e09ba2dcf2f,https://images.cdn-cian.ru/images/2846488958-1.jpg,"Вид на воду, современный ЖК.",Продажа,Монолитный,Балтийская,10,2026-04-01
48,"2-комн. квартира, 52 м²","Москва, ЮЗАО, ул. Профсоюзная, 92",Коньково,55.649107,37.528380,geocoded,nominatim,0.55,16 200 000 ₽,52 м²,2,7,9,https://www.cian.ru/sale/flat/327731087/?context=3.gu9Pf5AzcXg.SP6tz8vuU-R0jEhnaqVuRo5Lz2nrPfH5Q2n_kgeDOUmlOk7Z7Bdd3XJ6ooUQEPfflBL4k8b9TqD8JA&mlSearchSessionGuid=2031c71499f7b7d3a5c7a7483177d71f,https://images.cdn-cian.ru/images/kvartira-moskva-profsoyuznaya-ulica-2827315730-1.jpg,Удобная транспортная развязка.,Продажа,Панельный,Беляево,5,2026-04-02
49,"1-комн. квартира, 35 м²","Москва, ВАО, ул. 9-я Парковая, 60",Измайлово,55.804486,37.800812,geocoded,nominatim,0.55,10 100 000 ₽,35 м²,1,4,9,https://www.cian.ru/sale/flat/320335475/?context=3.fd-Mgg9RLQw.W-QGqEpQxTpg8EqdB_pPJCkIV3TLk2zyubghmCIdn4CrfieJZi7Vshy5xbeO-w-oDzx2yAUX173MzA&mlSearchSessionGuid=f0d303f477f9d3078e9ecaa04b5bb674,https://images.cdn-cian.ru/images/2831713354-1.jpg,Рядня Измайловский парк.,Продажа,Панельный,Щелковская,12,2026-04-01
50,"3-комн. квартира, 92 м²","Москва, СЗАО, ул. Генерала Глаголева, 10",Хорошево-Мневники,55.781310,37.466200,geocoded,nominatim,0.55,34 000 000 ₽,92 м²,3,12,18,https://www.cian.ru/sale/flat/327258476/?context=3.PwQmLt7dAxg.o6BXcqmUYZR5UJbaLOPcl7_18fvBSR9gi6AHIvreFKKI0xk1ipKeEV1g7B65BISeYfMMyQzsgUzccw&mlSearchSessionGuid=63f34bde0954482b21594043de14cdbd,https://images.cdn-cian.ru/images/kvartira-moskva-ulica-generala-glagoleva-2816006028-1.jpg,"Престижный район, хороший ремонт.",Продажа,Монолитный,Октябрьское поле,15,2026-04-02
51,"2-комн. квартира, 48 м²","Москва, ЮАО, ул. Красная Крылья, 15",Донской,55.634847,37.541171,geocoded,cian-page,0.93,18 500 000 ₽,48 м²,2,5,6,https://www.cian.ru/sale/flat/328403044/?context=3.3qeO7-rp1tU.4f4TvGfsEHxSFanCDwEbQoVE4N5ED6ZN1kPremchXQvGXXHIwvOCBw-po21F9z5uHtu59hB617UbXw,https://images.cdn-cian.ru/images/kvartira-moskva-ulica-ostrovityanova-2844450768-1.jpg,"Сталинский дом, центр.",Продажа,Кирпичный,Тульская,10,2026-04-01
52,"1-комн. квартира, 37 м²","Москва, СВАО, ул. Коминтерна, 12",Северное Медведково,55.862555,37.677610,geocoded,nominatim,0.55,12 500 000 ₽,37 м²,1,8,12,https://www.cian.ru/sale/flat/327947020/?context=3.EisxXIgN6ks.lbrdJhD7txEuWTqT-nvaI4BNXBqwOWDDj5190NZtOUOI5PoIs04b9V03fwNBS1tGAVv718CumoPKlg&mlSearchSessionGuid=d761e72b984cefa8a37a545d9f172405,https://images.cdn-cian.ru/images/2839556922-1.jpg,"Свежий ремонт, никто не жил.",Продажа,Панельный,Медведково,8,2026-04-02
53,"4-комн. квартира, 108 м²","Москва, ЗАО, ул. Лобачевского, 92",Очаково-Матвеевское,55.680675,37.484520,geocoded,nominatim,0.55,42 000 000 ₽,108 м²,4,10,14,https://www.cian.ru/sale/flat/328542881/?context=3.ndqEApwqcq8.y9gD18QtocgOqgfrFSwpN2XPB3kxF67kiHhvpM2lQgfJlVR5nJnmuDbsMm9nHZBak8bxHnrwo0xThg&mlSearchSessionGuid=9a5bfe0dfeb930a848adeba5a4424c59,https://images.cdn-cian.ru/images/kvartira-moskva-ulica-lobachevskogo-2847130892-1.jpg,"Для большой семьи, два балкона.",Продажа,Кирпичный,Проспект Вернадского,12,2026-04-01
54,"1-комн. квартира, 31 м²","Москва, ЮВАО, ул. Кубанская, 12",Люблино,55.683646,37.740712,geocoded,nominatim,0.55,9 200 000 ₽,31 м²,1,3,9,https://lyubertsy.cian.ru/sale/flat/316491455/?context=3.FNe0V3bSOHw.6V7TavMONzwlFA8et-YVLz5yryWIDyXLjxRyCY5KoUh8wGteH2U0ygFbP2s8z_PQh2ypdGkA7h20bw&mlSearchSessionGuid=cf4f6b4d9e4256125a0c1cd479b87004,https://images.cdn-cian.ru/images/2459116955-1.jpg,"Недорогой вариант, требует ремонта.",Продажа,Панельный,Люблино,10,2026-04-02
55,"2-комн. квартира, 55 м²","Москва, САО, ул. Клары Цеткин, 20",Войковский,55.826656,37.515541,geocoded,nominatim,0.55,17 800 000 ₽,55 м²,2,9,12,https://www.cian.ru/sale/flat/327836324/?context=3.FYb896KQ0Uo.Gp3NPIF0w9kCMZ_6W8oPgaW-7XjQdLRALPhajlI0cl67WXExBjXNXM3UsOlP3ENnHHpdRvf-ktEzww&mlSearchSessionGuid=96923d4a3000ead6052d45fb58596dd3,https://images.cdn-cian.ru/images/2829751116-1.jpg,Рядня парк Дружбы.,Продажа,Кирпичный,Водный стадион,12,2026-04-01
56,"3-комн. квартира, 76 м²","Москва, ЮЗАО, ул. Теплый Стан, 10",Теплый Стан,55.629134,37.485781,geocoded,nominatim,0.55,19 000 000 ₽,76 м²,3,6,9,https://www.cian.ru/sale/flat/327685780/?context=3.jXE_fWt8EoI.532bAOQWsiBJ_YYxKnGePEIHUrxocoss7ON51Vv2L6k8ByUb8HCm-81c0-bLILZVrs5N1tSvz31kDg&mlSearchSessionGuid=52de279e17fc884469a7f55e002bc187,https://images.cdn-cian.ru/images/2826329751-1.jpg,"Спальный район, все рядом.",Продажа,Панельный,Теплый Стан,5,2026-04-02
57,"1-комн. квартира, 44 м²","Москва, СЗАО, ул. Маршала Тухачевского, 22",Хорошевский,55.785635,37.478774,geocoded,nominatim,0.55,21 000 000 ₽,44 м²,1,18,25,https://www.cian.ru/sale/flat/326217775/?context=3.dGtIRHQPCSA.mDCvrsBkqeCnY5e742je7XjPuifXu9ibKQxeGyXjNkg5nuMCTxWil4rcaYU1hmqS5xPytpsSMoxVOA&mlSearchSessionGuid=479464e0352be798a84403f4d8b7541e,https://images.cdn-cian.ru/images/kvartira-moskva-ulica-marshala-tuhachevskogo-2785369670-1.jpg,"Бизнес-класс, консьерж.",Продажа,Монолитный,Полежаевская,10,2026-04-01
58,"2-комн. квартира, 50 м²","Москва, ВАО, ул. Уральская, 10",Гольяново,55.818578,37.798124,geocoded,nominatim,0.55,11 800 000 ₽,50 м²,2,5,9,https://www.cian.ru/sale/flat/327955312/?context=3.3sVTTwYi2DQ.xzf8iuW6UsRq8YSnbO4H-zTr5piNzD3ZD-TrA0ALoAcdv4nu4-FfW75G7jecnSzBhOuVwujBC6n7GQ&mlSearchSessionGuid=7983e3ea9995fc2c8a41f11043ff081b,https://images.cdn-cian.ru/images/komnata-moskva-krasnoyarskaya-ulica-2832576399-1.jpg,"Типовая планировка, чисто.",Продажа,Панельный,Щелковская,15,2026-04-02
59,"1-комн. квартира, 36 м²","Москва, ЮАО, ул. Артековская, 5",Нагатино-Садовники,55.650245,37.613705,geocoded,nominatim,0.55,13 500 000 ₽,36 м²,1,7,12,https://www.cian.ru/sale/flat/328248201/?context=3.FGco9QRG_dQ.tLEmncFLQHt9wiBBO8hLUnumbLnr63m7CQPRdG2RmtVV7GMCgdYkKnCXK7pZE8PQEey4pXVyG0WQFQ,https://images.cdn-cian.ru/images/komnata-moskva-krasnoyarskaya-ulica-2839039910-1.jpg,Рядня парк Коломенское.,Продажа,Кирпичный,Каширская,10,2026-04-01
60,"3-комн. квартира, 84 м²","Москва, СВАО, ул. Руставели, 14",Бутырский,55.812761,37.598465,geocoded,nominatim,0.55,23 000 000 ₽,84 м²,3,8,12,https://www.cian.ru/sale/flat/328214664/?context=3.r9VV2h9Y7E0.QjGjTLXKyV4rN1eruyrXm9b3AXJCIYbgAO9SE8bRZMoMVkTelYfYM28B1YNrMC7KWt_sCIgffyRo9g&mlSearchSessionGuid=c0793148eb064cbc30f651157663494e,https://images.cdn-cian.ru/images/2838146557-1.jpg,"Изолированные комнаты, лоджия.",Продажа,Кирпичный,Дмитровская,10,2026-04-02
61,"2-комн. квартира, 59 м²","Москва, ЗАО, ул. Удальцова, 30",Проспект Вернадского,55.681878,37.494577,geocoded,nominatim,0.55,20 500 000 ₽,59 м²,2,10,16,https://www.cian.ru/sale/flat/327239823/?context=3.jnr3ILscru4.ohZzrL6e8qwUaBo37zE9ZG2TcUYXxM5HykhQDNQ1yglXNzvNB7JqVYU2mMht7LKnSjBuMTjb1iOkHA&mlSearchSessionGuid=57047cba6693e658314a56ad33eb7808,https://images.cdn-cian.ru/images/kvartira-moskva-ulica-udalcova-2825620051-1.jpg,"Современный дом, охрана.",Продажа,Монолитный,Проспект Вернадского,8,2026-04-01
62,"1-комн. квартира, 32 м²","Москва, ЮВАО, ул. Верхние Поля, 52",Марьино,55.653486,37.819774,geocoded,nominatim,0.55,9 500 000 ₽,32 м²,1,4,9,https://www.cian.ru/sale/flat/327193877/?context=3.0IMAuP4AmnE.cd3kUjwKijgTtFeMgXNHPYMqDVwX1tt4XNHdSwjA3G34z1vFLAeqkcVahuUiDLdlEOgaWntjQNvMMQ&mlSearchSessionGuid=5651e3e2718971b30441aaebee8fc446,https://images.cdn-cian.ru/images/2814190980-1.jpg,"Окна во двор, тихо.",Продажа,Панельный,Братиславская,12,2026-04-02
63,"4-комн. квартира, 125 м²","Москва, ЦАО, ул. Тверская, 18",Тверской,55.773296,37.591238,geocoded,nominatim,0.55,95 000 000 ₽,125 м²,4,5,7,https://www.cian.ru/sale/flat/326960383/?context=3.LNmXDbajz_I.HAt-kKtvTZPUXC_rg1Gf0b1H3RcstrgV4Gc6pchAlqO_99pcXgubtOzlVUSRKDa96LjPs0_MLxZ1KQ&mlSearchSessionGuid=14110fb1b35cae79ab3b3cfc286da6ee,https://images.cdn-cian.ru/images/2826704334-1.jpg,"Самое сердце Москвы, исторический фонд.",Продажа,Кирпичный,Пушкинская,3,2026-04-01
64,"1-комн. квартира, 39 м²","Москва, СЗАО, ул. Свободы, 67",Покровское-Стрешнево,55.854446,37.445531,geocoded,nominatim,0.55,14 800 000 ₽,39 м²,1,11,17,https://www.cian.ru/sale/flat/328401083/?context=3.YI8qDODdQ7g.e7LstgQsBXEgOX-45dRKjNfBzzFrCrr2C5S0-jDW_qZBE44xJtfa24KUon7WNh0BTBI05CpuKdb15Q&mlSearchSessionGuid=0fb3dcb286d2b0e209e20244e177d5da,https://images.cdn-cian.ru/images/kvartira-moskva-ulica-svobody-2844420095-1.jpg,Рядня парк Покровское-Стрешнево.,Продажа,Монолитный,Волоколамская,10,2026-04-02
65,"2-комн. квартира, 53 м²","Москва, ЮЗАО, ул. Намёткина, 12",Черемушки,55.660723,37.554100,geocoded,nominatim,0.55,18 200 000 ₽,53 м²,2,6,9,https://www.cian.ru/sale/flat/286346585/?context=3.jRCof7fIZqY.x1Asy5CNvjxWSB67lT9P4rk6HBZ0n-kl2WY2f05DwWvNVB41h8RSnd38LabMgPVfhwaLDSEldBITKQ&mlSearchSessionGuid=2ed89e5bf791460a2ca1e2b50c633d0e,https://images.cdn-cian.ru/images/2837816441-1.jpg,Интеллигентный район.,Продажа,Панельный,Профсоюзная,8,2026-04-01
66,"3-комн. квартира, 79 м²","Москва, ВАО, ул. 15-я Парковая, 40",Измайлово,55.800959,37.819361,geocoded,cian-page,0.93,17 500 000 ₽,79 м²,3,7,9,https://www.cian.ru/sale/flat/328110257/?context=3.flbAA1tlivw.vse1o89u5Pn9xIIoqOcLznj3ryTaT5poASjjx0sPs426Bt7IdesrovVDYNdvujlZs5vbn1cr_lgVYw&mlSearchSessionGuid=a6a4c8e7c0a98443472d0fc4953a16be,https://images.cdn-cian.ru/images/2836046772-1.jpg,"Просторная, светлая.",Продажа,Панельный,Измайловская,10,2026-04-02
67,"1-комн. квартира, 35 м²","Москва, САО, ул. Михалковская, 50",Головинский,55.838850,37.512153,geocoded,nominatim,0.55,12 200 000 ₽,35 м²,1,5,9,https://www.cian.ru/cat.php?deal_type=sale&engine_version=2&offer_type=flat&region=1&source=search_string,https://images.cdn-cian.ru/images/2836046772-1.jpg,"Тихий двор, зелень.",Продажа,Кирпичный,Балтийская,15,2026-04-01
68,"2-комн. квартира, 56 м²","Москва, ЮАО, ул. Днепропетровская, 22",Бирюлево Восточное,55.621125,37.584107,geocoded,nominatim,0.55,11 000 000 ₽,56 м²,2,8,9,https://www.cian.ru/sale/flat/327591970/?context=3.2oLSnmw9VGk.mASvpQSVM4tsEzzRpVgAuvpkhg3a7rXnt_Ee4MaMzaSuzH7dgEs4h1AW1ss71tAYq7sAWsGTOf_S2Q&mlSearchSessionGuid=0de2e356f94eb121855d017a735828e8,https://images.cdn-cian.ru/images/kvartira-moskva-dnepropetrovskaya-ulica-2838606568-1.jpg,Доступная цена для двушки.,Продажа,Панельный,Бирюлево Товарная,12,2026-04-02
69,"1-комн. квартира, 41 м²","Москва, ЗАО, ул. Мосфильмовская, 88",Раменки,55.702889,37.491260,geocoded,nominatim,0.55,23 500 000 ₽,41 м²,1,22,35,https://www.cian.ru/sale/flat/326566680/?context=3.HTNzV1mpb_U.rT-GOKZ3U_n01qVpOBu4nrdRl9aka4IF1f5ec7UNkDFRBKPdiZZTzEnUOdEB2bS6-bw1tEW_eo2TFQ&mlSearchSessionGuid=697dc5ac554c42b20bdcfacb797e6b09,https://images.cdn-cian.ru/images/kvartira-moskva-mosfilmovskaya-ulica-2796150088-1.jpg,"ЖК Раменки, видовой этаж.",Продажа,Монолитный,Раменки,15,2026-04-01
70,"3-комн. квартира, 86 м²","Москва, СВАО, ул. Хачатуряна, 10",Северное Медведково,55.856959,37.594256,geocoded,nominatim,0.55,21 500 000 ₽,86 м²,3,10,17,https://www.cian.ru/sale/flat/328257881/?context=3.vz6vhc7pDrw.1fwxGlAHwKxuqKG3C1x8VDIXOmzy9E0dvDN83aZSRYhfh0UTjkyWH-2iw8OmVd1I4k-oT2shpmeyKw&mlSearchSessionGuid=d32c251ff88154ce10e36ad2c10378c2,https://images.cdn-cian.ru/images/dolya-v-kvartire-moskva-ulica-hachaturyana-2839877566-1.jpg,"Евро-трешка, современный ремонт.",Продажа,Монолитный,Алтуфьево,15,2026-04-02
71,"2-комн. квартира, 47 м²","Москва, ВАО, ул. Константина Федина, 8",Сокольники,55.805839,37.794033,geocoded,nominatim,0.55,16 500 000 ₽,47 м²,2,4,5,https://www.cian.ru/sale/flat/327601825/?context=3.LBuXECBfg6s.VrADeDEAbblzH2-Mf12AwnnjEkQfqn-lW8N71PIpVFJ2OnqPicKocX86-lAPlDzsdR4FNpRcR9cb8g&mlSearchSessionGuid=df321fcd155da300b2c1e82c4a0d7f65,https://images.cdn-cian.ru/images/kvartira-moskva-ulica-konstantina-fedina-2824322855-1.jpg,"Рядня парк Сокольники, сталинка.",Продажа,Кирпичный,Сокольники,5,2026-04-01
72,"1-комн. квартира, 34 м²","Москва, ЮВАО, ул. Совхозная, 35",Люблино,55.669359,37.743174,geocoded,nominatim,0.55,9 800 000 ₽,34 м²,1,6,9,https://www.cian.ru/sale/flat/328325459/?context=3.V0XHrbpX2wU.wXoXbtwLyPlWOBsS-f1VagW-pbQYaQx-f-gmDYE-fQt1z21VN5BqAa0iHQaAppQkGX78HpWJl4oNbg&mlSearchSessionGuid=d274bfaeea63d8fd41f20ac191f28138,https://images.cdn-cian.ru/images/kvartira-moskva-sovhoznaya-ulica-2842571148-1.jpg,Обычное состояние.,Продажа,Панельный,Люблино,10,2026-04-02
73,"4-комн. квартира, 112 м²","Москва, СЗАО, ул. Маршала Бирюзова, 23",Щукино,55.795055,37.489652,geocoded,nominatim,0.55,39 000 000 ₽,112 м²,4,12,16,https://www.cian.ru/sale/flat/324830484/?context=3.jMCImZcz2vM.FOXP78Hic3J8cJogSyCIhmMQyyEtkSckq5eyoc0mC0iPBkCjtSWgj7ZCGrBef6s2fYNThI0Xy3Qh9g&mlSearchSessionGuid=bf9c87117ce9dbe40ef414c84d012afd,https://images.cdn-cian.ru/images/2729872925-1.jpg,"Просторная, для семьи.",Продажа,Кирпичный,Щукинская,8,2026-04-01
74,"1-комн. квартира, 37 м²","Москва, ЮЗАО, ул. Введенского, 5",Академический,55.643913,37.544537,geocoded,nominatim,0.55,15 500 000 ₽,37 м²,1,7,9,https://www.cian.ru/sale/flat/320022360/?context=3.-IF3EgtkAz8.6YZ7xIOTwQuOWxCfKPMipmM_d4c8uDNmF8LrpzYByb2z-EroY13VsSGLg5K1xPMLnKR0yl8e14Q7ug&mlSearchSessionGuid=99eb73d76df727a40af5e0e6c7bd2638,https://images.cdn-cian.ru/images/kvartira-moskva-ulica-vvedenskogo-2571141481-1.jpg,"Научный центр, тихо.",Продажа,Кирпичный,Академическая,7,2026-04-02
75,"2-комн. квартира, 54 м²","Москва, САО, ул. Лавочкина, 20",Ховрино,55.851946,37.501021,geocoded,nominatim,0.55,13 200 000 ₽,54 м²,2,9,17,https://www.cian.ru/sale/flat/327864441/?context=3.T7A5H5RYwec.14u03qsBO745HLgCdtgOQz50c8XA6fOyFNYrBGlDOSvhMBaqVh44JMYaB48xfrZe54ZvGsnh5hFljQ,https://images.cdn-cian.ru/images/kvartira-moskva-ulica-krasnogo-mayaka-2830338802-1.jpg,"Новый район, свежий воздух.",Продажа,Монолитный,Ховрино,10,2026-04-01
76,"3-комн. квартира, 74 м²","Москва, ВАО, ул. 9-я Парковая, 20",Измайлово,55.801675,37.798985,geocoded,nominatim,0.55,16 000 000 ₽,74 м²,3,5,9,https://www.cian.ru/sale/flat/328453517/?context=3.xCc10R6QunE.AhSKGEoe87Z_43LO5DyvZUFjd50pfYEf8OFAnoHtwL4-R4WcU5j1oTnpalQMDaffm1pCUfIZXS5row,https://images.cdn-cian.ru/images/kvartira-moskva-bolotnikovskaya-ulica-2845476766-1.jpg,Смежно-изолированные.,Продажа,Панельный,Щелковская,10,2026-04-02
77,"1-комн. квартира, 42 м²","Москва, ЗАО, ул. Винницкая, 15",Обручевский,55.698766,37.490338,geocoded,nominatim,0.55,17 800 000 ₽,42 м²,1,10,12,https://www.cian.ru/sale/flat/327954244/?context=3.zMxllxJJwgY.b8u0-JpFT0uaNZ3A5CEe061k-blULzHM1j6UilQytEIigCzYRiDZCfdSshvQq7ATy3rD7C35HxlaQA&mlSearchSessionGuid=94f3929c911fe65a7d2764cba9e453f8,https://images.cdn-cian.ru/images/kvartira-moskva-vinnickaya-ulica-2832564901-1.jpg,Рядня Битцевский парк.,Продажа,Кирпичный,Калужская,12,2026-04-01
78,"2-комн. квартира, 51 м²","Москва, ЮАО, ул. Красного Маяка, 25",Чертаново Центральное,55.610575,37.606648,geocoded,nominatim,0.55,14 500 000 ₽,51 м²,2,10,14,https://www.cian.ru/sale/flat/323537886/?context=3.TFX7M6WZrb8.AE3jTWriLgZLU_iUQti-QjBwfQ1IoiFepjQJEWrSrc4mTyrxlUW-2rBY6dri7qCHAEgqxS0NBmGmbg&mlSearchSessionGuid=333aea9e8cf1316c71e7ca412c26db55,https://images.cdn-cian.ru/images/kvartira-moskva-ulica-krasnogo-mayaka-2687919578-1.jpg,Хороший ремонт.,Продажа,Панельный,Чертановская,8,2026-04-02
79,"1-комн. квартира, 33 м²","Москва, СВАО, ул. Полярная, 30",Отрадное,55.881844,37.641954,geocoded,nominatim,0.55,11 500 000 ₽,33 м²,1,4,9,https://www.cian.ru/sale/flat/328335985/?context=3.N8xLsDknJx0.d1kFY-C7Kx3sEaBhKQ1Vit0-TwcmuCMdnWvWEgK-VQziq2QWkD3Zo2NwpVPeOAAZLwZJhrAB6f_qMw,https://images.cdn-cian.ru/images/komnata-moskva-krasnoyarskaya-ulica-2842851065-1.jpg,Тихий двор.,Продажа,Панельный,Отрадное,7,2026-04-01
80,"3-комн. квартира, 90 м²","Москва, СЗАО, ул. Маршала Тухачевского, 40",Хорошевский,55.785850,37.470675,geocoded,nominatim,0.55,36 000 000 ₽,90 м²,3,15,20,https://www.cian.ru/sale/flat/327550176/?context=3.qxNqjjYdios.sRyr8eegidhFZK1hyIbp0M-MNeuARtbf8nGwAyVDY4BRLx3rr79CANYha2rHg-zpVIs59_wZ2-yK9Q&mlSearchSessionGuid=40ecd76dcbad52b19667ab12e38e8f63,https://images.cdn-cian.ru/images/kvartira-moskva-ulica-marshala-tuhachevskogo-2823036801-1.jpg,Бизнес-класс.,Продажа,Монолитный,Полежаевская,12,2026-04-02
81,"2-комн. квартира, 49 м²","Москва, ЮВАО, ул. Братиславская, 10",Марьино,55.661369,37.751587,geocoded,nominatim,0.55,11 800 000 ₽,49 м²,2,6,9,https://www.cian.ru/sale/flat/327193877/?context=3.-e1QBsj9Bhc.Mo1F_RJkVoi94WVF3wIX5CDa-Qqta8xVPFbgMyIh7dghURsjuf2nniPK6Td-0s6aAhFyg1ZLkDtKTg&mlSearchSessionGuid=8b2db3f886d4b3fdee54266bdd02364f,https://images.cdn-cian.ru/images/2814190980-1.jpg,Рядня метро.,Продажа,Панельный,Братиславская,5,2026-04-01
82,"1-комн. квартира, 38 м²","Москва, ЮЗАО, ул. Профсоюзная, 110",Коньково,55.641436,37.519110,geocoded,nominatim,0.55,13 900 000 ₽,38 м²,1,8,12,https://www.cian.ru/sale/flat/328537059/?context=3.vjtC1IN-qJc.-wm253zyMtoAD1fL71mPpgtZahQNaqlV_VnGpdP--4Xblwqxd7Z8GkMuVSFb6qmSBvwJMHhg_QWtyQ&mlSearchSessionGuid=2654f0c2eacbfce52bded96239f825d9,https://images.cdn-cian.ru/images/2847035814-1.jpg,Светлая.,Продажа,Панельный,Беляево,8,2026-04-02
83,"4-комн. квартира, 135 м²","Москва, ЦАО, Патриаршие пруды, 10",Пресненский,55.848872,37.650388,geocoded,cian-page,0.93,150 000 000 ₽,135 м²,4,3,5,https://www.cian.ru/sale/flat/323518402/?context=3.QUVivFhJV-E.MJk-Lj4CqUejbEdhy1WnqQ2X9v1-Tc2PIHB4oUSfv82ZQdhAq-nP1QKl1mZFWjlz4MYZ1fVjWYynEQ&mlSearchSessionGuid=c5e0b81d2dec8dec531127cc38c9d4ed,https://images.cdn-cian.ru/images/2822500459-1.jpg,"Элитная недвижимость, терраса.",Продажа,Кирпичный,Маяковская,5,2026-04-01
84,"1-комн. квартира, 35 м²","Москва, ВАО, ул. Хабаровская, 15",Гольяново,55.822525,37.823380,geocoded,nominatim,0.55,9 500 000 ₽,35 м²,1,5,9,https://www.cian.ru/sale/flat/327955312/?context=3.-C9hfVQ09tE.rxO0O0dah_7IJRLzXpkRyjsgnKd8ufXutG1dLcWGl5MyEU_Y7AAja6mfqf0ylSYdvGdfrKcwDhQhLQ&mlSearchSessionGuid=2260e1e0727cfb84c426eebfba8d27cc,https://images.cdn-cian.ru/images/komnata-moskva-krasnoyarskaya-ulica-2832576393-1.jpg,Недорого.,Продажа,Панельный,Щелковская,12,2026-04-02
85,"2-комн. квартира, 55 м²","Москва, САО, ул. Фестивальная, 20",Головинский,55.859791,37.498725,geocoded,nominatim,0.55,15 000 000 ₽,55 м²,2,7,9,https://www.cian.ru/sale/flat/327066504/?context=3.LBwxstmluik.QMPbrRGzvpd0yqk65z2wkorFAZF9TP5ZXgK3e9JPuTrZssm1D0RlUwbZflZ2s5MeVX4upV1G0_Ltcg&mlSearchSessionGuid=091d45345fae28e8e3b5f974f9d04d00,https://images.cdn-cian.ru/images/2837852362-1.jpg,Рядня парк Дружбы.,Продажа,Кирпичный,Речной вокзал,10,2026-04-01
86,"3-комн. квартира, 81 м²","Москва, ЮАО, ул. Кировоградская, 10",Чертаново Южное,55.625365,37.609463,geocoded,nominatim,0.55,18 500 000 ₽,81 м²,3,5,9,https://www.cian.ru/sale/flat/327703980/?context=3.FMXSoBPGCrY.3rt3X47Anypai8LJwLr2Z8be8jcz9bzJ9AFdjcPjDHahhKm7IPuK9a4dilogFDcDidDnfpaDf93O_Q&mlSearchSessionGuid=971cc36ae438a4ca56a14f579859cd72,https://images.cdn-cian.ru/images/kvartira-moskva-kirovogradskaya-ulica-2826689257-1.jpg,Просторная.,Продажа,Панельный,Улица Академика Янгеля,8,2026-04-02
87,"1-комн. квартира, 40 м²","Москва, ЗАО, ул. Раменки, 10",Раменки,55.690302,37.491023,geocoded,nominatim,0.55,19 000 000 ₽,40 м²,1,12,17,https://www.cian.ru/sale/flat/328059859/?context=3.BgAEcCrnHT4.XCEHDxNEU5-tHyXj3ZKP-SW-Jv66SjgTGn4BFuYV72uqtVeZVlDcawomccu5UNjzzZPALZdvh3EcZg&mlSearchSessionGuid=13c5498817cc5ef274d0d0b809744981,https://images.cdn-cian.ru/images/kvartira-moskva-ulica-ramenki-2834997644-1.jpg,Современный дом.,Продажа,Монолитный,Раменки,10,2026-04-01
88,"2-комн. квартира, 52 м²","Москва, СВАО, ул. Енисейская, 25",Бабушкинский,55.871422,37.664193,geocoded,nominatim,0.55,15 200 000 ₽,52 м²,2,6,9,https://www.cian.ru/sale/flat/328417480/?context=3.z6MFjN2-q1I.bvaJf3Hk6laiLi3OQMcOWT2065beMgtttvfaaQhY87dIQjdWs85NIvPBVb24DS8qj_KOh-14XZGWyQ&mlSearchSessionGuid=225a5ac9de7ce98934376f46e2f0b80f,https://images.cdn-cian.ru/images/2844716678-1.jpg,"Чисто, аккуратно.",Продажа,Панельный,Бабушкинская,8,2026-04-02
89,"1-комн. квартира, 36 м²","Москва, ЮВАО, ул. Ставропольская, 15",Текстильщики,55.681218,37.750487,geocoded,nominatim,0.55,10 500 000 ₽,36 м²,1,5,9,https://www.cian.ru/sale/flat/327956493/?context=3.95XVrSasuMU.x_2EwMguU9A1pviHl_qbj4ArH0Va9ZjVFy48u3745MrPzLDMYHfI4l8IAisyJLGT4lESVWXqLLMDnA&mlSearchSessionGuid=756e6cf2ef532759aae5ee3c2396e6a9,https://images.cdn-cian.ru/images/kvartira-moskva-stavropolskaya-ulica-2832598985-1.jpg,Типовая.,Продажа,Панельный,Текстильщики,7,2026-04-01
90,"3-комн. квартира, 88 м²","Москва, СЗАО, ул. Исаковского, 15",Щукино,55.818801,37.400170,geocoded,nominatim,0.55,32 500 000 ₽,88 м²,3,14,18,https://www.cian.ru/sale/flat/327767789/?context=3.DDwo5DMehaE.8N3XQx5DPiSXIHxLz2g6V3LBGEEcObWRMOeFbpBwzc8p1eOFO4L49XbXkPPA_0jI2fvHBJcxwM9Fsw&mlSearchSessionGuid=55e3deda4fd972bd326a11f2a67ca0f3,https://images.cdn-cian.ru/images/2828169583-1.jpg,Видовая.,Продажа,Монолитный,Щукинская,10,2026-04-02
91,"2-комн. квартира, 50 м²","Москва, ЮЗАО, ул. Гарибальди, 20",Черемушки,55.672179,37.545722,geocoded,nominatim,0.55,17 000 000 ₽,50 м²,2,5,9,https://www.cian.ru/sale/flat/327890175/?context=3.CSB6bre9esw.2xgO4KCHKmJUwjOqucNXuQyxf2_3SoBIi9reIRCXr8sMmVpcyIzT7BfMD6TROy7oWTzoiDUdFbfl-w&mlSearchSessionGuid=744a43dcd839afb5a4b1a66f2646abbb,https://images.cdn-cian.ru/images/kvartira-moskva-ulica-garibaldi-2830854816-1.jpg,Рядня метро.,Продажа,Панельный,Новые Черемушки,7,2026-04-01
92,"1-комн. квартира, 39 м²","Москва, САО, Ленинградский пр-т, 50",Аэропорт,55.796974,37.542877,geocoded,nominatim,0.55,18 500 000 ₽,39 м²,1,10,12,https://www.cian.ru/sale/flat/326113360/?context=3.hoURY6W_nV0.DLn7gz07H78XbYl7XPfxABlEhaSVcVrWMq0-GiL4SL2ku7be2Dr6Q4SuJcwypVMd3WVMj6lV2-PGZg&mlSearchSessionGuid=8e6012cc3b8371f3299743b80d5bc93a,https://images.cdn-cian.ru/images/2781596385-1.jpg,Сталинка.,Продажа,Кирпичный,Аэропорт,5,2026-04-02
93,"4-комн. квартира, 118 м²","Москва, ВАО, Измайловское ш., 60",Измайлово,55.780134,37.738322,geocoded,nominatim,0.55,33 000 000 ₽,118 м²,4,8,12,https://balashikha.cian.ru/sale/flat/319509443/?context=3.MZlj5-0XDD4.g0ZojT4uwX3ntrVRjp6VFVHtlvAJKDr7F53i2QtSFnNMlfHFhEhL76YJnLyzpVR3ehN39TlyDr44BA&mlSearchSessionGuid=c8904946cc71f71493a511188771c725,https://images.cdn-cian.ru/images/kvartira-balashiha-reutovskaya-ulica-2553598001-1.jpg,Большая семья.,Продажа,Кирпичный,Измайловская,8,2026-04-01
94,"1-комн. квартира, 34 м²","Москва, ЮАО, Варшавское ш., 125",Чертаново Центральное,55.627009,37.620196,geocoded,nominatim,0.55,10 800 000 ₽,34 м²,1,3,9,https://www.cian.ru/sale/flat/324336925/?context=3.9Q44bhtL6Rw.w9L5SRDsyljdxiN4lbAKrgIdZdTeFCP1bmashjE-NQk-_iAiDKdlxzy3Dz9485D0qqGXZsd7KT9oIQ&mlSearchSessionGuid=155f6e4ac402e72372d3a20981a8ccfe,https://images.cdn-cian.ru/images/kvartira-moskva-varshavskoe-shosse-2713340295-1.jpg,Низкий этаж.,Продажа,Панельный,Чертановская,5,2026-04-02
95,"2-комн. квартира, 58 м²","Москва, ЗАО, ул. Лобачевского, 80",Очаково-Матвеевское,55.673888,37.488709,geocoded,nominatim,0.55,20 000 000 ₽,58 м²,2,9,14,https://www.cian.ru/sale/flat/328074624/?context=3.123pWJNKAtE.YoYkAie8KUKls2P_gXqgr-2dGSI_MmoKQTkSa3p_-193T-qmac8mNPKt4Nd51lQI1pztPWOcFpiE1g&mlSearchSessionGuid=16541d7ee22b01af376f87ca30577897,https://images.cdn-cian.ru/images/kvartira-moskva-ulica-lobachevskogo-2835364592-1.jpg,Хороший ремонт.,Продажа,Кирпичный,Проспект Вернадского,10,2026-04-01
96,"3-комн. квартира, 77 м²","Москва, СВАО, ул. Хачатуряна, 20",Северное Медведково,55.862026,37.604460,geocoded,nominatim,0.55,22 000 000 ₽,77 м²,3,12,17,https://www.cian.ru/sale/flat/328257881/?context=3.4Dfs8nyX4PY.zUQoLDdU2qM5e1_i5Ni7o1nLpKcd9tQmviyu_Ky9kKNpCeHK5e5A-U2oLdjGC80ZFN1QHnGizKKAMQ&mlSearchSessionGuid=33f4abadbf7825151cf5f51ecd3ef7de,https://images.cdn-cian.ru/images/dolya-v-kvartire-moskva-ulica-hachaturyana-2839836424-1.jpg,Евро.,Продажа,Монолитный,Алтуфьево,15,2026-04-02
97,"1-комн. квартира, 41 м²","Москва, СЗАО, ул. Твардовского, 5",Строгино,55.796128,37.393826,geocoded,nominatim,0.55,15 500 000 ₽,41 м²,1,10,18,https://www.cian.ru/sale/flat/327517551/?context=3.Ip28DHOG26s.qckZtcxa43u6l5nI4Ie3DWkODJ-ug7vxHgA-kpqqSqDwW0tpdg49_9mOamV86sJzEmK9bFmyw01PEw&mlSearchSessionGuid=662bac4560629e0f884bf9b0d35e046a,https://images.cdn-cian.ru/images/kvartira-moskva-ulica-tvardovskogo-2822359641-1.jpg,Вид на лес.,Продажа,Монолитный,Строгино,10,2026-04-01
98,"2-комн. квартира, 53 м²","Москва, ЮВАО, ул. Перерва, 40",Марьино,55.653430,37.736357,geocoded,nominatim,0.55,12 000 000 ₽,53 м²,2,5,9,https://www.cian.ru/sale/flat/327193877/?context=3.AHeo8jQYuJE.YAev5XRTTu-Y_lUjLsFSwTHj67D8Jjy2Ik-ThsN8GHzaI1a6AoBv-Sp6Bu3iaPN3KG1lcQo09LU5Ew&mlSearchSessionGuid=8b2db3f886d4b3fdee54266bdd02364f,https://images.cdn-cian.ru/images/2814190980-1.jpg,Спальный район.,Продажа,Панельный,Марьино,8,2026-04-02
99,"1-комн. квартира, 46,5 м²","Москва, Шифт жилой комплекс",Донской,55.710720,37.591853,geocoded,cian-page,0.93,42180150.0,46.5,1.0,2.0,18.0,https://www.cian.ru/sale/flat/317927888/,https://images.cdn-cian.ru/images/2667526020-1.jpg,"1-к квартира в премиальном комплексе SHIFT на 2-м этаже 18-этажного здания, в 300 м от Нескучного сада.",primary,Монолитный,Ленинский проспект,7.0,2026-04-03 01:34:00
100,"Уют I Тишина I Подземный паркинг 2-комн. квартира, 90 м²","Москва, Крылатская ул., 45К2",Крылатское,55.769844,37.398109,geocoded,nominatim,0.55,55000000.0,90.0,2.0,2.0,7.0,https://www.cian.ru/sale/flat/318555340/,https://images.cdn-cian.ru/images/2826691756-1.jpg,"Уютная квартира в ЖК «Долина грез» с качественным ремонтом, высокими потолками и машино-местом в стоимости.",свободная продажа,Кирпичный,Крылатское,6.0,2026-04-03 09:48:00
101,3-комнатн квартира в ЖК Headliner,"Москва, Шмитовский проезд, 39к6",Пресненский,55.754702,37.525850,geocoded,nominatim,0.55,41800000.0,94.0,3.0,3.0,51.0,https://www.cian.ru/sale/flat/318815971/,https://images.cdn-cian.ru/images/kvartira-moskva-shmitovskiy-proezd-2527566107-1.jpg,"Продаётся 3-комнатная квартира евроформата в ЖК HEADLINER, общей площадью 94 кв.м., на 3 этаже, без отделки. Квартира готова к продаже: ключи получены, собственность оформлена.",resale,,Шелепиха,5.0,2026-03-25 11:59:00
102,"Место, где хочется задержаться","Москва, САО, р-н Головинский, Северный административный округ, Михалковский жилой комплекс",Головинский,55.839821,37.513000,geocoded,cian-page,0.93,17991519.0,35.4,2.0,4.0,20.0,https://www.cian.ru/sale/flat/320162571/,https://images.cdn-cian.ru/images/2830471812-1.jpg,Новая квартира в жилом комплексе Михалковский. Современный проект с собственной инфраструктурой и хорошей транспортной доступностью.,primary,Монолитный,Водный стадион,25.0,2026-04-03 10:12:00
103,"Продается 1-комн. квартира, 55,8 м²","Москва, ЮАО, р-н Даниловский, Дербеневская наб., 27с24",Даниловский,55.725332,37.654277,geocoded,cian-page,0.93,58164804.0,55.8,1.0,3.0,11.0,https://www.cian.ru/sale/flat/320335397/,https://images.cdn-cian.ru/images/2831713189-2.jpg,"Прямая продажа от застройщика. 1-комнатная квартира без отделки в клубном доме ОПУС, дом не сдан.",долевое участие (214-ФЗ),монолитно-кирпичный,Павелецкая,16.0,2026-04-03 09:40:00
104,"2-комн. квартира, 91,1 м²","Москва, ЮАО, р-н Даниловский, Дербеневская наб., 27с24",Даниловский,55.725332,37.654277,geocoded,cian-page,0.93,89869239.0,91.1,2.0,3.0,11.0,https://www.cian.ru/sale/flat/320335475/,https://images.cdn-cian.ru/images/2831713354-2.jpg,Прямая продажа от застройщика! Продаётся 2-к квартира общей площадью 91.1 кв. м. на 3-м этаже 11 этажного дома. Клубный дом ОПУС — современный проект компании PIONEER с парковой территорией и видами на Москву-реку.,долевое участие (214-ФЗ),Монолитно-кирпичный,Павелецкая,16.0,2026-04-03 09:40:00
105,"Вид на тихий двор! Локация, Центр! 5-комн. квартира, 130 м²","Москва, Тверская ул., 30/2С1",Тверской,55.769891,37.597845,geocoded,nominatim,0.55,77870000.0,130.0,5.0,6.0,7.0,https://www.cian.ru/sale/flat/321072149/,https://images.cdn-cian.ru/images/2603773574-2.jpg,"Пятикомнатная квартира на Тверской улице с кухней-гостиной, высокими потолками и окнами во двор в минуте от метро Маяковская.",свободная продажа,Кирпичный,Маяковская,1.0,2026-04-03 09:48:00
106,"3-комн. квартира, 87,9 м²","Москва, САО, р-н Хорошевский, Ленинградский просп., 37/7",Хорошевский,55.793698,37.543183,geocoded,cian-page,0.93,71111151.0,87.9,3.0,8.0,41.0,https://www.cian.ru/sale/flat/321138965/,https://images.cdn-cian.ru/images/2798545858-2.jpg,"Жилой квартал премиум-класса Prime Park расположен на Ленинградском проспекте, 37/7, недалеко от центра Москвы. Квартира находится в комплексе с приватным парком, сервисом консьержей и развитой инфраструктурой.",свободная продажа,,Динамо,15.0,2026-04-03 12:22:00
107,"Квартиры с отделкой на Цветном 2-комн. квартира, 86,6 м², 8/13 этаж","Москва, Садовая-Сухаревская ул., 14",Мещанский,55.773013,37.627403,geocoded,nominatim,0.55,170688600.0,86.6,2.0,8.0,13.0,https://www.cian.ru/sale/flat/321435302/,https://images.cdn-cian.ru/images/2817686422-1.jpg,"Двухкомнатная квартира с отделкой Mid Century в клубном доме «Форум» с умным домом, приватным садом и SPA.",свободная продажа,,Сухаревская,5.0,2026-04-01 02:13:00
108,"4-комн. апартаменты, 110 м²","Москва, ЦАО, р-н Мещанский, Цветной бул., 32А",Мещанский,55.772775,37.622747,geocoded,cian-page,0.93,139900000.0,110.0,4.0,6.0,8.0,https://www.cian.ru/sale/flat/321565417/,https://images.cdn-cian.ru/images/kvartira-moskva-cvetnoy-bulvar-2829499636-2.jpg,"Потолки 3,30 м, 8 окон с видом на две стороны, огромная зона кухни, просторные гостиная и столовая, 2 спальни, обе с ванными и гардеробными. Техника Miele, сантехника Villeroy & Boch, кондиционирование с подачей очищенного воздуха и увлажнением.",resale,Монолитный,Цветной бульвар,3.0,2026-04-02 08:53:00
109,"апартаменты-студия, 20 м²","Москва, ЦАО, р-н Якиманка, ул. Большая Якиманка, 35С1",Якиманка,55.734527,37.613494,geocoded,cian-page,0.93,11500000.0,20.0,0.0,4.0,6.0,https://www.cian.ru/sale/flat/321713615/,https://images.cdn-cian.ru/images/kvartira-moskva-ulica-bolshaya-yakimanka-2625434593-2.jpg,Готовый арендный бизнес: двухуровневая студия после нового ремонта в 5 минутах пешком от метро Октябрьская и парка Горького. В стоимость входят мебель и техника.,свободная продажа,Кирпичный,Октябрьская,4.0,2026-04-02 13:10:00
110,"Квартира для перфекциониста 3-комн. квартира, 92,7 м²","Москва, Мантулинская ул., 9к1",Пресненский,55.754714,37.546252,geocoded,nominatim,0.55,115000000.0,92.7,3.0,11.0,20.0,https://www.cian.ru/sale/flat/322285173/,https://images.cdn-cian.ru/images/2664781559-2.jpg,"Квартира в ЖК City Park с дизайнерским ремонтом, мебелью, видами на зелень и Москва-Сити, а также закрытой охраняемой территорией.",resale,Монолитный,Улица 1905 года,20.0,2026-04-03 13:15:00
111,"Старт продаж! 1-комн. квартира, 32,97 м²","Москва, Веер жилой комплекс",Можайский,55.708733,37.437062,geocoded,nominatim,0.55,18595080.0,32.97,1.0,2.0,70.0,https://www.cian.ru/sale/flat/323003557/,https://images.cdn-cian.ru/images/2669392584-2.jpg,Старт продаж новой очереди: 1-комнатная квартира без отделки в ЖК «Веер.2» рядом с Кутузовским проспектом и парком Долины реки Сетунь.,primary,Монолитный,Давыдково,21.0,2026-04-02 01:28:00
112,"5-комн. квартира, 176,2 м²","Москва, Чистопрудный бул., 14С3",Басманный,55.759954,37.644419,geocoded,nominatim,0.55,159000000.0,176.2,5.0,3.0,7.0,https://www.cian.ru/sale/flat/323109826/,https://images.cdn-cian.ru/images/2673320145-1.jpg,Уникальная квартира в доходном доме со зверями С.И. Вашкова на Чистопрудном бульваре с дизайнерским ремонтом и видом на Чистые пруды.,resale,,Сретенский бульвар,11.0,2026-04-02 21:17:00
113,"1-комн. квартира, 55,65 м²","Москва, Садовническая ул., 76/71С1",Замоскворечье,55.738651,37.640050,geocoded,cian-page,0.93,96239999.0,55.65,1.0,2.0,6.0,https://www.cian.ru/sale/flat/323162852/,https://images.cdn-cian.ru/images/2826875484-2.jpg,"Однокомнатная квартира в клубном квартале «Садовническая 69» на Балчуге с закрытым парком, велнес-центром и делюкс-инфраструктурой.",первичная продажа,,Павелецкая,14.0,2026-03-30 22:02:00
114,"3-комн. квартира, 90,1 м²","Москва, САО, р-н Хорошевский, Ленинградский просп., 37/7",Хорошевский,55.793698,37.543183,geocoded,cian-page,0.93,77803023.0,90.1,3.0,9.0,41.0,https://www.cian.ru/sale/flat/323316209/,https://images.cdn-cian.ru/images/2798545878-2.jpg,"Квартира в премиальном квартале Prime Park на Ленинградском проспекте. Комплекс предлагает приватный парк, инфраструктуру на территории и круглосуточный сервис для жителей.",свободная продажа,,Динамо,15.0,2026-04-03 12:22:00
115,"Продается 3-комн. квартира, 140 м²","Москва, ЗАО, р-н Тропарево-Никулино, просп. Вернадского, 92",Тропарево-Никулино,55.655285,37.473168,geocoded,cian-page,0.93,70000000.0,140.0,3.0,22.0,22.0,https://www.cian.ru/sale/flat/323474464/,https://images.cdn-cian.ru/images/kvartira-moskva-prospekt-vernadskogo-2685663663-1.jpg,"Пентхаус 140 м² с премиальной отделкой, террасой и видами на парк и пруд. В квартире итальянская мебель, натуральный камень и техника премиум-класса.",свободная продажа,,Озёрная,5.0,2026-04-03 11:37:00
116,Квартира с видом на Москву-реку,"Москва, Дербеневская наб., 27с24",Даниловский,55.725451,37.654042,geocoded,nominatim,0.55,219323808.0,206.8,4.0,9.0,11.0,https://www.cian.ru/sale/flat/323646647/,https://images.cdn-cian.ru/images/2800467198-1.jpg,Прямая продажа от застройщика! Продаётся 4-к квартира общей площадью 206.8 кв. м. на 9-м этаже 11 этажного дома. Клубный дом ОПУС — современный шедевр архитектуры от компании PIONEER.,primary,Монолитно-кирпичный,Павелецкая,16.0,2026-04-03 09:40:00
117,"4-комн. квартира, 189 м²","Москва, ЦАО, р-н Тверской, Страстной бул., 10к1",Тверской,55.766106,37.611473,geocoded,cian-page,0.93,179990000.0,189.0,4.0,10.0,10.0,https://www.cian.ru/sale/flat/323681107/,https://images.cdn-cian.ru/images/2703787078-2.jpg,"Роскошная четырехкомнатная квартира в ЖК «Дом на Страстном бульваре». Планировка включает кухню-гостиную, две спальни, кабинет, гардеробную и два санузла; из окон открываются виды на Страстной бульвар и Кремль.",свободная продажа,Кирпичный,Пушкинская,3.0,2026-04-02 15:47:00
118,Светлая с идеальной планировкой,"Москва, проезд Невельского, 1к4",Лефортово,55.749415,37.700592,geocoded,nominatim,0.55,48000000.0,106.0,4.0,21.0,28.0,https://www.cian.ru/sale/flat/324301948/,https://images.cdn-cian.ru/images/kvartira-moskva-nevelskogo-proezd-2712383158-1.jpg,"Светлая квартира 106м² с идеальной планировкой в современном комплексе «Символ» в историческом районе Лефортово. Высокие потолки 3,1 м расширяют пространство.",resale,,Авиамоторная,14.0,2026-04-03 11:37:00
119,"1-комн. квартира, 35,3 м²","Москва, ЮЗАО, р-н Обручевский, Старокалужское ш.",Обручевский,55.659200,37.534803,geocoded,cian-page,0.93,23001480.0,35.3,1.0,10.0,45.0,https://www.cian.ru/sale/flat/324736384/,https://images.cdn-cian.ru/images/2838470661-2.jpg,Эргономичная квартира в ЖК «СТОУН Грэйн» с панорамными окнами на южную сторону. Комплекс бизнес+ класса расположен рядом с метро Калужская и Воронцовская.,свободная продажа,Монолитно-кирпичный,Калужская,8.0,2026-04-01 17:15:00
120,"Продается 4-комн. квартира, 138 м²","Москва, ЦАО, р-н Пресненский, Малая Бронная ул., 25",Пресненский,55.763123,37.594261,geocoded,cian-page,0.93,135000000.0,138.0,4.0,7.0,9.0,https://www.cian.ru/sale/flat/325024294/,https://images.cdn-cian.ru/images/2826699477-2.jpg,"Четырехкомнатная квартира в клубном доме на Патриарших прудах, с хозяйской спальней, двумя изолированными спальнями, большой кухней-гостиной и тремя балконами.",свободная продажа,кирпичный,Пушкинская,10.0,2026-04-03 09:48:00
121,"3-комн. квартира, 81,5 м²","Москва, ЦАО, р-н Пресненский, Малый Козихинский пер., 10С2",Пресненский,55.764161,37.596507,geocoded,cian-page,0.93,49900000.0,81.5,3.0,3.0,5.0,https://www.cian.ru/sale/flat/325024298/,https://images.cdn-cian.ru/images/2826699755-2.jpg,"Просторная светлая квартира в дореволюционном доме с потолками 3,3 м; мебель и техника могут остаться.",свободная продажа,Кирпичный,Пушкинская,9.0,2026-04-03 09:48:00
122,Тихая роскошь в центре Арбата,"Москва, 1-й Смоленский пер., 21",Арбат,55.749087,37.579279,geocoded,nominatim,0.55,120000000.0,107.0,4.0,6.0,7.0,https://www.cian.ru/sale/flat/325106075/,https://images.cdn-cian.ru/images/kvartira-moskva-1y-smolenskiy-pereulok-2739638411-1.jpg,Стильные апартаменты 107м² в клубном доме Smolensky De Luxe. Продуманная планировка с функциональным зонированием пространства.,resale,Монолитный,Смоленская,3.0,2026-04-03 11:34:00
123,"3-комн. квартира, 156,4 м²","Москва, ул. Арбат, 18С1",Арбат,55.750474,37.593919,geocoded,nominatim,0.55,154990000.0,156.4,3.0,4.0,7.0,https://www.cian.ru/sale/flat/325687275/,https://images.cdn-cian.ru/images/2767535384-2.jpg,Квартира в монолитно-кирпичном клубном доме 2004 года постройки на Арбате с дизайнерским ремонтом и видом на Старый Арбат.,resale,Монолитный,Арбатская,8.0,2026-04-02 21:17:00
124,"Дом готов. Выгода до 4,3 млн ₽ 2-комн. квартира, 64,5 м²","Москва, Береговой проезд, 2",Филевский парк,55.759468,37.508299,geocoded,nominatim,0.55,38486047.0,64.5,2.0,7.0,26.0,https://www.cian.ru/sale/flat/325691134/,https://images.cdn-cian.ru/images/2839130870-2.jpg,"Двухкомнатная квартира в готовом доме ЖК «Береговой-2» с панорамными окнами, видом на парк Фили и просторной кухней-гостиной.",первичная продажа,,Фили,4.0,2026-04-03 13:44:00
125,Квартира с видом на Кремль,"Москва, ул. Серафимовича, 2",Якиманка,55.744706,37.612855,geocoded,nominatim,0.55,125600000.0,140.6,4.0,8.0,12.0,https://www.cian.ru/sale/flat/325747968/,https://images.cdn-cian.ru/images/kvartira-moskva-ulica-serafimovicha-2769865709-1.jpg,Квартира в знаковой локации с открытым видом на Кремль и центр Москвы. Большая площадь и редкое предложение в историческом районе.,resale,Кирпичный,Боровицкая,11.0,2026-04-02 15:55:00
126,"ЦК! Виды! Тишина! 2-комн. квартира, 80 м²","Москва, ул. Спиридоновка, 19",Пресненский,55.761754,37.590628,geocoded,nominatim,0.55,95000000.0,80.0,2.0,2.0,9.0,https://www.cian.ru/sale/flat/325832273/,https://images.cdn-cian.ru/images/2837796531-2.jpg,"Квартира в номенклатурном доме на Патриарших с большим балконом, высокими потолками и видами на особняк Морозовой.",свободная продажа,,Баррикадная,13.0,2026-03-28 08:23:00
127,"Рассрочка 0% на апарт., 41.3 м²","Москва, 2-й Силикатный проезд, вл8",Хорошево-Мневники,55.768578,37.506874,geocoded,nominatim,0.55,19927250.0,41.3,2.0,8.0,28.0,https://www.cian.ru/sale/flat/325958509/,https://images.cdn-cian.ru/images/2837471812-2.jpg,"Апартаменты в новом проекте с возможностью рассрочки 0%. Современная архитектура, удобный выезд и близость к деловым районам.",primary,Монолитный,Хорошёво,19.0,2026-04-03 12:34:00
128,"Потолки 4 м | Авторский ремонт 5-комн. квартира, 178 м²","Москва, Чистопрудный бул., 14С3",Басманный,55.759954,37.644419,geocoded,nominatim,0.55,159000000.0,178.0,5.0,3.0,7.0,https://www.cian.ru/sale/flat/326437094/,https://images.cdn-cian.ru/images/2826692802-2.jpg,"Пятикомнатная квартира с авторским ремонтом в доходном доме на Чистопрудном бульваре: камин, столовая, две спальни, кабинет и высокие потолки 4 м.",resale,,Чистые пруды,8.0,2026-04-03 09:48:00
129,"3 комнаты, виды на зелень","Малая Никитская ул., 16/5",Пресненский,55.758962,37.591188,geocoded,nominatim,0.55,50500000.0,61.0,3.0,7.0,7.0,https://www.cian.ru/sale/flat/326582339/,https://images.cdn-cian.ru/images/2796617708-2.jpg,"3-комнатная квартира у Патриарших прудов в фасадном доме на Никитской улице. Уютная планировка: кухня, гостиная, две отдельные комнаты; окна выходят в тихий двор и на Гранатный переулок.",свободная продажа,Кирпичный,Баррикадная,11.0,2026-04-03 13:44
130,"Многокомнатная квартира, 196 м²","Москва, Фрунзенская наб., 50",Хамовники,55.718643,37.576889,geocoded,nominatim,0.55,189900000.0,196.0,6.0,12.0,16.0,https://www.cian.ru/sale/flat/326686500/,https://images.cdn-cian.ru/images/2800308236-1.jpg,Уникальный видовой двухуровневый пентхаус с камином и террасой в сталинском доме на Фрунзенской набережной в Хамовниках.,resale,Кирпичный,Спортивная,14.0,2026-04-02 21:46:00
131,"После ремонта С мебелью Есть торг 2-комн. квартира, 65 м²","Москва, Староволынская ул., 12к3",Очаково-Матвеевское,55.714778,37.476131,geocoded,nominatim,0.55,34800000.0,65.0,2.0,19.0,23.0,https://www.cian.ru/sale/flat/326725563/,https://images.cdn-cian.ru/images/kvartira-moskva-starovolynskaya-ulica-2835857583-1.jpg,"Двухкомнатная квартира после ремонта в ЖК «Волынский», полностью укомплектованная мебелью и техникой, с панорамным видом на МГУ.",свободная продажа,Монолитно-кирпичный,Матвеевская,18.0,2026-04-03 13:37:00
132,"4-комн. квартира, 495,9 м²","Москва, ЦАО, р-н Пресненский, Патриаршие Пруды микрорайон",Пресненский,55.765043,37.596552,geocoded,cian-page,0.93,1785240000.0,495.9,4.0,3.0,6.0,https://www.cian.ru/sale/flat/326778205/,https://images.cdn-cian.ru/images/2803230922-2.jpg,"Продается квартира с премиальной отделкой на 3-м этаже общей площадью 495,9 кв.м. в клубном доме «Левенсон» на Патриарших прудах. В проекте сочетаются исторические здания и современная архитектура.",долевое участие (214-ФЗ),Монолитный,Пушкинская,7.0,2026-04-01 14:57:00
133,"1-комн. квартира, 103.64 м²","Москва, Берсеневская наб., 6С5",Якиманка,55.740200,37.609509,geocoded,nominatim,0.55,362740000.0,103.64,1.0,4.0,6.0,https://www.cian.ru/sale/flat/326780795/,https://images.cdn-cian.ru/images/2844501773-1.jpg,"Просторная квартира в престижном проекте на Красном Октябре. Историческая набережная, клубный формат и высокая приватность.",primary,,Кропоткинская,12.0,2026-04-01 22:10:00
134,"5-комн. квартира, 120,2 м²","Москва, ЦАО, р-н Тверской, Тверская ул., 8к1",Тверской,55.762115,37.609631,geocoded,cian-page,0.93,95000000.0,120.2,5.0,4.0,8.0,https://www.cian.ru/sale/flat/326960383/,https://images.cdn-cian.ru/images/2826704334-2.jpg,"Просторная пятикомнатная квартира в историческом центре Москвы, рядом с Кремлем и Красной площадью.",свободная продажа,Кирпичный,Тверская,5.0,2026-04-03 09:48:00
135,"2-комн. квартира, 37 м²","Москва, ЦАО, р-н Басманный, Госпитальный пер., 8",Басманный,55.770259,37.689168,geocoded,cian-page,0.93,15640000.0,37.0,2.0,3.0,12.0,https://www.cian.ru/sale/flat/327108711/,https://images.cdn-cian.ru/images/kvartira-moskva-gospitalnyy-pereulok-2811768096-2.jpg,"Не аукцион, собственность физ. лица. Двухкомнатная квартира в Басманном районе: один собственник, никто не зарегистрирован, свободная продажа, документы чистые.",свободная продажа,,Бауманская,10.0,2026-04-02 15:25:00
136,"2-комн. квартира, 51,28 м²","Москва, Верейская ул., 29с32Д",Можайский,55.708562,37.435002,geocoded,cian-page,0.93,25564362.0,51.28,2.0,31.0,52.0,https://www.cian.ru/sale/flat/327542698/,https://images.cdn-cian.ru/images/2822821776-1.jpg,"Прямая продажа от застройщика. В ЖК Сет продается 2-комнатная квартира площадью 51.28 м² в корпусе А, на 31 этаже 52-этажного дома.",primary,Монолитный,Давыдково,5.0,2026-04-01 18:40:00
137,"3-комн. квартира, 84 м²","Москва, ЮЗАО, р-н Котловка, Севастопольский просп., 22А",Котловка,55.678570,37.593641,geocoded,cian-page,0.93,49700000.0,84.0,3.0,26.0,42.0,https://www.cian.ru/sale/flat/327650810/,https://images.cdn-cian.ru/images/kvartira-moskva-sevastopolskiy-prospekt-2825510169-2.jpg,"Евро 3-комнатная квартира в ЖК ENITEO с дизайнерским ремонтом, выполненным из премиальных материалов. Видовая квартира с панорамой города, МГУ и Москва-Сити.",свободная продажа,,Крымская,19.0,2026-04-03 13:21:00
138,Клубный квартал с набережной,"Москва, ЮАО, р-н Нагатинский затон, Дрим Рива жилой комплекс",Нагатинский затон,55.693764,37.683415,geocoded,cian-page,0.93,17442163.0,29.5,1.0,1.0,26.0,https://www.cian.ru/sale/flat/327686205/,https://images.cdn-cian.ru/images/2841564021-1.jpg,Компактная квартира в новом квартале с собственной набережной. Проект бизнес-класса рядом с метро и рекой.,primary,Монолитно-кирпичный,Дубровка,6.0,2026-04-02 09:40:00
139,"Старт продаж! 2-комн. квартира, 63,27 м²","Москва, Веер жилой комплекс",Можайский,55.708733,37.437062,geocoded,nominatim,0.55,27332640.0,63.27,2.0,2.0,70.0,https://www.cian.ru/sale/flat/327750172/,https://images.cdn-cian.ru/images/2827776682-2.jpg,Старт продаж новой очереди: 2-комнатная квартира без отделки в ЖК «Веер.2» с масштабной внутренней инфраструктурой и быстрым доступом к Кутузовскому проспекту.,primary,Монолитный,Давыдково,21.0,2026-04-02 21:48:00
140,"Роскошные лобби с кофезоной 2-комн. квартира, 39,3 м²","Москва, проезд Жуков, вл8",Даниловский,55.722361,37.643161,geocoded,nominatim,0.55,27859770.0,39.3,2.0,13.0,37.0,https://www.cian.ru/sale/flat/327785307/,https://images.cdn-cian.ru/images/2828506621-2.jpg,"2-комнатная квартира в ЖК «Эра» с рассрочкой 0%, потолками 3,15 м и развитой инфраструктурой премиум-квартала на Дербеневской набережной.",primary,Монолитный,Павелецкая,15.0,2026-04-02 22:10:00
141,"1-комн. квартира, 26,6 м²","Москва, ЮАО, р-н Даниловский, проезд Жуков, вл8",Даниловский,55.721622,37.644298,geocoded,cian-page,0.93,19994820.0,26.6,1.0,7.0,37.0,https://www.cian.ru/sale/flat/327785311/,https://images.cdn-cian.ru/images/2837919835-2.jpg,1-комнатная квартира в ЖК «ЭРА» на 7 этаже корпуса 6. Современный премиум-квартал на Дербеневской набережной с закрытым двором и развитой внутренней инфраструктурой.,долевое участие (214-ФЗ),Монолитный,Павелецкая,15.0,2026-04-02 22:10:00
142,"1-комн. квартира, 46 м²","Москва, ул. Василия Ланового, 5",Раменки,55.694276,37.477833,geocoded,nominatim,0.55,35000000.0,46.0,1.0,23.0,32.0,https://www.cian.ru/sale/flat/327785848/,https://images.cdn-cian.ru/images/kvartira-moskva-vasiliya-lanovogo-ulica-2828519318-1.jpg,"Шикарная евродвушка в ЖК «Событие-3» с дизайнерским ремонтом, мебелью, техникой и выходом в собственный природный парк квартала.",resale,,Аминьевская,15.0,2026-04-02 20:51:00
143,Видовая квартира на берегу реки!,"Москва, Береговой проезд, 1Б",Филевский парк,55.755368,37.514723,geocoded,nominatim,0.55,82000000.0,134.1,4.0,4.0,28.0,https://www.cian.ru/sale/flat/327802246/,https://images.cdn-cian.ru/images/kvartira-moskva-beregovoy-proezd-2828854223-1.jpg,"Видовая квартира в современном комплексе на берегу реки. Просторные комнаты, панорамные окна и статусная локация рядом с деловым центром.",resale,Монолитный,Фили,15.0,2026-04-03 10:18:00
144,"Редкая квартира с потолком 4,6м","Аминьевское ш., 4Дк3литА",Очаково-Матвеевское,55.699401,37.468937,geocoded,cian-page,0.93,25000000.0,60.0,2.0,2.0,28.0,https://www.cian.ru/sale/flat/327806956/,https://images.cdn-cian.ru/images/kvartira-moskva-aminevskoe-shosse-2844301135-2.jpg,"Квартира покупалась для себя. Высота потолков 4,6 метра позволяет создать двухэтажное пространство с антресольным уровнем и увеличить полезную площадь примерно до 65 м² по проектной концепции.",свободная продажа,Монолитный,Аминьевская,4.0,2026-04-03 10:25
145,"2-комн. квартира, 51,9 м²","Москва, ЗАО, р-н Фили-Давыдково, Кастанаевская ул., 57К3",Фили-Давыдково,55.731075,37.457573,geocoded,cian-page,0.93,24500000.0,51.9,2.0,5.0,14.0,https://www.cian.ru/sale/flat/327895879/,https://images.cdn-cian.ru/images/kvartira-moskva-kastanaevskaya-ulica-2841817511-2.jpg,"Продается 2-комнатная квартира в экологически благоприятном районе Москвы. Рядом детский сад, школа, поликлиника, магазины, парки и Мазиловский пруд. Квартира тихая и светлая, с качественным ремонтом и местами хранения.",resale,Кирпичный,Кунцевская,10.0,2026-04-02 09:08:00
146,"Продается 2-комн. квартира, 45,8 м²","Москва, ЦАО, р-н Пресненский, Большая Грузинская ул., 20",Пресненский,55.765706,37.579277,geocoded,cian-page,0.93,33000000.0,45.8,2.0,1.0,9.0,https://www.cian.ru/sale/flat/328005190/,https://images.cdn-cian.ru/images/kvartira-moskva-bolshaya-gruzinskaya-ulica-2833592280-1.jpg,"Уютная 2-комнатная квартира в кирпичном доме 1964 года постройки, с дизайнерским ремонтом, теплыми полами и окнами во двор.",свободная продажа,кирпичный,Баррикадная,8.0,2026-04-03 08:10:00
147,"2-комн. квартира, 69 м²","Москва, СВАО, р-н Алексеевский, Староалексеевская ул., 5А",Алексеевский,55.811447,37.645312,geocoded,cian-page,0.93,39890000.0,69.0,2.0,13.0,30.0,https://www.cian.ru/sale/flat/328066424/,https://images.cdn-cian.ru/images/kvartira-moskva-staroalekseevskaya-ulica-2835165776-2.jpg,"Стильная светлая евротрёшка с дизайнерским ремонтом, готова к заселению; кухня-гостиная 20 м².",свободная продажа,,Рижская,5.0,2026-04-03 10:41:00
148,"3-комн. квартира, 101 м²","Москва, Ленинский просп., 18",Донской,55.717821,37.594584,geocoded,nominatim,0.55,65500000.0,101.0,3.0,4.0,8.0,https://www.cian.ru/sale/flat/328170717/,https://images.cdn-cian.ru/images/2837198461-1.jpg,Трехкомнатная квартира на Ленинском проспекте с большой площадью и удобной планировкой. Дом расположен недалеко от метро и центра города.,resale,Панельный,Ленинский проспект,15.0,2026-04-03 11:56:00
149,"4-комн. квартира, 268 м²","Москва, 48-й квартал, Мой Адрес на Береговом жилой комплекс, Северный квартал",Филевский парк,55.757361,37.511888,geocoded,cian-page,0.93,190000000.0,268.0,4.0,11.0,11.0,https://www.cian.ru/sale/flat/328214933/,https://images.cdn-cian.ru/images/2838150086-1.jpg,"Видовой пентхаус с террасой на первой линии Москвы-реки: 208 м² плюс терраса 56 м², занимает весь этаж.",resale,Панельный,Фили,21.0,2026-04-03 10:57:00
150,"Дизайнерский ремонт | Вид на Храм 3-комн. апартаменты, 140,3 м², 4/7 этаж","Москва, 1-й Смоленский пер., 21",Арбат,55.749087,37.579279,geocoded,nominatim,0.55,196816340.0,140.3,3.0,4.0,7.0,https://www.cian.ru/sale/flat/328325346/,https://images.cdn-cian.ru/images/kvartira-moskva-1y-smolenskiy-pereulok-2842568317-1.jpg,"Апартаменты с новым дизайнерским ремонтом в клубном доме Smolensky De Luxe, с двумя спальнями, тремя санузлами и видом на храм.",свободная продажа,Монолитный,Смоленская,3.0,2026-04-03 11:40:00
151,"Отличная транспортная доступность 3-комн. квартира, 60,1 м²","Москва, ул. Кухмистерова, 13",Печатники,55.685320,37.728326,geocoded,nominatim,0.55,21900000.0,60.1,3.0,3.0,9.0,https://www.cian.ru/sale/flat/328325734/,https://images.cdn-cian.ru/images/kvartira-moskva-ulica-kuhmisterova-2842560150-1.jpg,"Уютная трехкомнатная квартира с дизайнерским ремонтом, новой мебелью и техникой, окнами на две стороны и удобной транспортной доступностью.",resale,,Печатники,10.0,2026-04-02 14:55:00
152,"Продается 1-комн. квартира, 35 м²","Москва, Глебовская ул., 6",Богородское,55.811775,37.713329,geocoded,nominatim,0.55,11950000.0,35.0,1.0,3.0,9.0,https://www.cian.ru/sale/flat/328332531/,https://images.cdn-cian.ru/images/kvartira-moskva-glebovskaya-ulica-2842744501-2.jpg,"Район Богородское, кирпичный дом 1981 года постройки. Большая лоджия, окна во двор, 2 взрослых собственника, полная стоимость в договоре.",свободная продажа,Монолитный,Бульвар Рокоссовского,19.0,2026-04-02 23:55:00
153,"4-комн. квартира, 124,5 м²","Москва, ЦАО, р-н Пресненский",Пресненский,55.757226,37.576994,geocoded,cian-page,0.93,338577750.0,124.5,4.0,3.0,9.0,https://www.cian.ru/sale/flat/328373574/,https://images.cdn-cian.ru/images/2843772191-2.jpg,"Квартира в клубном проекте элит-класса «Дом Спорта» с продуманной семейной планировкой, панорамными окнами и 5-минутной доступностью до метро Краснопресненская.",primary,Монолитно-кирпичный,Краснопресненская,5.0,2026-04-03 09:38:00
154,"1-комн. квартира, 45,76 м²","Москва, ЦАО, р-н Пресненский",Пресненский,55.757873,37.577305,geocoded,cian-page,0.93,106666560.0,45.76,1.0,2.0,9.0,https://www.cian.ru/sale/flat/328373577/,https://images.cdn-cian.ru/images/2843772308-2.jpg,Старт продаж! Продаётся 1-комнатная квартира с просторной кухней-гостиной в клубном жилом проекте элит-класса «Дом Спорта».,primary,Монолитно-кирпичный,Краснопресненская,5.0,2026-04-03 09:38:00
155,"Продается 3-комн. квартира, 100 м²","Москва, ЗАО, р-н Раменки, ул. Янковского, 1к3",Раменки,55.695611,37.473510,geocoded,cian-page,0.93,65000000.0,100.0,3.0,2.0,18.0,https://www.cian.ru/sale/flat/328415856/,https://images.cdn-cian.ru/images/2800461896-2.jpg,"Светлая квартира 100 м² в комплексе бизнес-класса Событие-1 с отделкой, мебелью, подогревом пола и 6 панорамными окнами.",свободная продажа,,Мичуринский проспект,5.0,2026-04-03 11:36:00
156,"Продается 5-комн. квартира, 300 м²","Москва, ЦАО, р-н Пресненский, Малый Козихинский пер., 7",Пресненский,55.764577,37.595842,geocoded,cian-page,0.93,963998400.0,300.0,5.0,7.0,7.0,https://www.cian.ru/sale/flat/328450802/,https://images.cdn-cian.ru/images/2845437691-2.jpg,"Видовой пентхаус с отделкой и террасами в клубном доме «Козихинский, 7», с кухней-гостиной, мастер-спальней и двумя спальнями с ванными.",свободная продажа,монолитный,Маяковская,9.0,2026-04-03 12:25:00
157,"Премиум квартиры в Сити 2-комн. квартира, 79 м², 36/90 этаж","Москва, 1-й Красногвардейский проезд, 13",Пресненский,55.752384,37.541483,geocoded,nominatim,0.55,78565500.0,79.0,2.0,36.0,90.0,https://www.cian.ru/sale/flat/328476252/,https://images.cdn-cian.ru/images/2845893248-1.jpg,"Двухкомнатная квартира в премиальном комплексе «Оне» в Москва-Сити с отделкой, панорамным остеклением и клубной инфраструктурой.",долевое участие (214-ФЗ),,Деловой центр,4.0,2026-04-02 01:35:00
158,"2-комн. квартира, 80,66 м²","Москва, Краснопресненская наб., 14с3",Пресненский,55.753940,37.570455,geocoded,nominatim,0.55,76930634.0,80.66,2.0,27.0,87.0,https://www.cian.ru/sale/flat/328502090/,https://images.cdn-cian.ru/images/2846341994-2.jpg,"Квартира в небоскребе «Дом Дау» в Москва-Сити с панорамным остеклением, видами на город и инфраструктурой премиум-класса.",долевое участие (214-ФЗ),Монолитный,Деловой центр,12.0,2026-04-02 01:22:00
159,5 мастер-спален и много света,"Москва, Ленинградский просп., 37/2",Хорошевский,55.792521,37.542739,geocoded,nominatim,0.55,200000000.0,250.0,5.0,15.0,41.0,https://www.cian.ru/sale/flat/328527755/,https://images.cdn-cian.ru/images/kvartira-moskva-leningradskiy-prospekt-2846877063-1.jpg,"Редкая двухуровневая квартира 250м² в премиальном квартале Prime Park. Всего 5 мастер-спален, 5 санузлов и 5 гардеробных для ценителей комфорта.",resale,Монолитный,ЦСКА,13.0,2026-04-03 11:33:00
